pop.id,dame_mf,sire_mf,Rep,Rack,Unique.ID,seeds_per_pot,Num_germ,4/24/2025,4/25/2025,4/26/2025,4/28/2025,4/29/2025,4/30/2025,5/1/2025,5/2/2025,5/5/2025,5/6/2025,5/7/2025,5/8/2025,5/9/2025,5/10/2025,5/12/2025,5/13/2025,Notes
WL2,1,NA,1,1,1824,3,0,0,0,0,0,0,0,0,0,0,0,0,0,0,0,0,0,
WL2,1,NA,2,1,1825,3,0,0,0,0,0,0,0,0,0,0,0,0,0,0,0,0,0,
WL2,1,NA,3,1,1826,3,1,0,0,0,0,0,1,0,0,0,0,0,0,0,0,0,0,
WL2,1,NA,4,1,1827,3,0,0,0,0,0,0,0,0,0,0,0,0,0,0,0,0,0,
WL2,1,NA,5,1,1828,3,1,0,0,0,0,0,0,0,0,1,0,0,0,0,0,0,0,
WL2,1,NA,6,1,1829,3,0,0,0,0,0,0,0,0,0,0,0,0,0,0,0,0,0,
WL2,1,NA,7,1,1830,3,0,0,0,0,0,0,0,0,0,0,0,0,0,0,0,0,0,
WL2,1,NA,8,1,1831,3,1,0,1,0,0,0,0,0,0,0,0,0,0,0,0,0,0,5/2 removed non-STTO seedlings
WL2,1,NA,9,1,1832,3,0,0,0,0,0,0,0,0,0,0,0,0,0,0,0,0,0,5/1 non-STTO seedling 5/2 removed non-STTO seedling from previous day
WL2,1,NA,10,1,1833,3,0,0,0,0,0,0,0,0,0,0,0,0,0,0,0,0,0,
WL2,2,NA,11,1,1834,3,0,0,0,0,0,0,0,0,0,0,0,0,0,0,0,0,0,
WL2,2,NA,12,1,1835,3,2,1,0,0,0,0,0,0,1,0,0,0,0,0,0,0,0,
WL2,2,NA,13,1,1836,3,0,0,0,0,0,0,0,0,0,0,0,0,0,0,0,0,0,
WL2,2,NA,14,1,1837,3,1,0,0,0,0,0,1,0,0,0,0,0,0,0,0,0,0,
WL2,2,NA,15,1,1838,3,2,1,0,0,0,0,1,0,0,0,0,0,0,0,0,0,0,
WL2,2,NA,16,1,1839,3,5,0,0,1,2,0,1,0,0,0,1,0,0,0,0,0,0,4/30 4 seedlings 5/6 5 seedlings
WL2,2,NA,17,1,1840,3,2,1,0,0,0,0,0,0,1,0,0,0,0,0,0,0,0,5/6 unsure if STTO 5/7 confirmed seedling from previoius day  is STTO
WL2,2,NA,18,1,1841,3,2,0,1,0,1,0,0,0,0,0,0,0,0,0,0,0,0,
WL2,2,NA,19,1,1842,3,4,0,0,0,2,0,1,0,1,0,0,0,0,0,0,0,0,
WL2,2,NA,20,1,1843,3,2,0,0,0,0,1,0,0,1,0,0,0,0,0,0,0,0,
WL2,3,NA,21,1,1844,3,0,0,0,0,0,0,0,0,0,0,0,0,0,0,0,0,0,
WL2,3,NA,22,1,1845,3,1,0,0,0,0,0,0,0,1,0,0,0,0,0,0,0,0,
WL2,3,NA,23,1,1846,3,1,0,0,0,0,0,0,0,0,1,0,0,0,0,0,0,0,
WL2,3,NA,24,1,1847,3,1,0,0,0,1,0,0,0,0,0,0,0,0,0,0,0,0,
WL2,3,NA,25,1,1848,3,0,0,0,0,0,0,0,0,0,0,0,0,0,0,0,0,0,
WL2,3,NA,26,1,1849,3,1,0,0,0,0,0,1,0,0,0,0,0,0,0,0,0,0,
WL2,3,NA,27,1,1850,3,0,0,0,0,0,0,0,0,0,0,0,0,0,0,0,0,0,
WL2,3,NA,28,1,1851,3,0,0,0,0,0,0,0,0,0,0,0,0,0,0,0,0,0,
WL2,3,NA,29,1,1852,3,0,0,0,0,0,0,0,0,0,0,0,0,0,0,0,0,0,
WL2,3,NA,30,1,1853,3,0,0,0,0,0,0,0,0,0,0,0,0,0,0,0,0,0,
WL2,4,NA,31,1,1854,3,0,0,0,0,0,0,0,0,0,0,0,0,0,0,0,0,0,
WL2,4,NA,32,1,1855,3,0,0,0,0,0,0,0,0,0,0,0,0,0,0,0,0,0,
WL2,4,NA,33,1,1856,3,2,0,0,0,0,0,2,0,0,0,0,0,0,0,0,0,0,
WL2,4,NA,34,1,1857,3,1,0,0,0,0,0,0,0,0,1,0,0,0,0,0,0,0,5/2 removed non-STTO seedling
WL2,4,NA,35,1,1858,3,0,0,0,0,0,0,0,0,0,0,0,0,0,0,0,0,0,
WL2,4,NA,36,1,1859,3,2,0,0,0,1,0,0,0,1,0,0,0,0,0,0,0,0,
WL2,4,NA,37,1,1860,3,0,0,0,0,0,0,0,0,0,0,0,0,0,0,0,0,0,
WL2,4,NA,38,1,1861,3,2,0,0,0,0,0,1,0,0,0,0,0,1,0,0,0,0,
WL2,4,NA,39,1,1862,3,2,0,0,0,0,0,1,0,0,1,0,0,0,0,0,0,0,
WL2,4,NA,40,1,1863,3,1,0,0,0,0,0,0,0,1,0,0,0,0,0,0,0,0,
WL2,5,NA,41,1,1864,3,2,1,0,0,0,0,0,0,0,1,0,0,0,0,0,0,0,
WL2,5,NA,42,1,1865,3,0,0,0,0,0,0,0,0,0,0,0,0,0,0,0,0,0,
WL2,5,NA,43,1,1866,3,2,2,0,0,0,0,0,0,0,0,0,0,0,0,0,0,0,
WL2,5,NA,44,1,1867,3,0,0,0,0,0,0,0,0,0,0,0,0,0,0,0,0,0,
WL2,5,NA,45,1,1868,3,0,0,0,0,0,0,0,0,0,0,0,0,0,0,0,0,0,
WL2,5,NA,46,1,1869,3,1,0,0,0,0,0,0,0,1,0,0,0,0,0,0,0,0,
WL2,5,NA,47,1,1870,3,1,1,0,0,0,0,0,0,0,0,0,0,0,0,0,0,0,
WL2,5,NA,48,1,1871,3,2,1,0,0,0,0,0,0,0,0,0,0,0,0,1,0,0,5/2 removed non-STTO seedling
WL2,5,NA,49,1,1872,3,1,0,0,0,0,0,1,0,0,0,0,0,0,0,0,0,0,
WL2,5,NA,50,1,1873,3,4,2,0,0,1,0,1,0,0,0,0,0,0,0,0,0,0,4/30 4 seedlings
WL2,6,NA,51,1,1874,3,0,0,0,0,0,0,0,0,0,0,0,0,0,0,0,0,0,
WL2,6,NA,52,1,1875,3,0,0,0,0,0,0,0,0,0,0,0,0,0,0,0,0,0,
WL2,6,NA,53,1,1876,3,1,0,0,0,0,0,0,0,1,0,0,0,0,0,0,0,0,
WL2,6,NA,54,1,1877,3,0,0,0,0,0,0,0,0,0,0,0,0,0,0,0,0,0,5/2 removed non-STTO seedling
WL2,6,NA,55,1,1878,3,0,0,0,0,0,0,0,0,0,0,0,0,0,0,0,0,0,
WL2,6,NA,56,1,1879,3,0,0,0,0,0,0,0,0,0,0,0,0,0,0,0,0,0,5/1 non-STTO seedling 5/2 removed non-STTO seedling from previous day
WL2,6,NA,57,1,1880,3,1,1,0,0,0,0,0,0,0,0,0,0,0,0,0,0,0,
WL2,6,NA,58,1,1881,3,0,0,0,0,0,0,0,0,0,0,0,0,0,0,0,0,0,
WL2,6,NA,59,1,1882,3,1,0,0,0,0,0,0,0,1,0,0,0,0,0,0,0,0,
WL2,6,NA,60,1,1883,3,0,0,0,0,0,0,0,0,0,0,0,0,0,0,0,0,0,
WL2,7,NA,61,1,1884,3,0,0,0,0,0,0,0,0,0,0,0,0,0,0,0,0,0,
WL2,7,NA,62,1,1885,3,0,0,0,0,0,0,0,0,0,0,0,0,0,0,0,0,0,
WL2,7,NA,63,1,1886,3,0,0,0,0,0,0,0,0,0,0,0,0,0,0,0,0,0,
WL2,7,NA,64,1,1887,3,0,0,0,0,0,0,0,0,0,0,0,0,0,0,0,0,0,
WL2,7,NA,65,1,1888,3,0,0,0,0,0,0,0,0,0,0,0,0,0,0,0,0,0,
WL2,7,NA,66,1,1889,3,0,0,0,0,0,0,0,0,0,0,0,0,0,0,0,0,0,
WL2,7,NA,67,1,1890,3,2,0,0,1,0,0,0,0,0,0,0,0,0,1,0,0,0,
WL2,7,NA,68,1,1891,3,1,0,0,0,1,0,0,0,0,0,0,0,0,0,0,0,0,
WL2,7,NA,69,1,1892,3,2,0,0,0,1,0,1,0,0,0,0,0,0,0,0,0,0,
WL2,7,NA,70,1,1893,3,1,0,0,0,0,0,0,1,0,0,0,0,0,0,0,0,0,
WL2,8,NA,71,1,1894,3,3,2,0,0,0,0,0,0,0,1,0,0,0,0,0,0,0,
WL2,8,NA,72,1,1895,3,0,0,0,0,0,0,0,0,0,0,0,0,0,0,0,0,0,
WL2,8,NA,73,1,1896,3,2,1,1,0,0,0,0,0,0,0,0,0,0,0,0,0,0,
WL2,8,NA,74,1,1897,3,0,0,0,0,0,0,0,0,0,0,0,0,0,0,0,0,0,
WL2,8,NA,75,1,1898,3,0,0,0,0,0,0,0,0,0,0,0,0,0,0,0,0,0,
WL2,8,NA,76,1,1899,3,0,0,0,0,0,0,0,0,0,0,0,0,0,0,0,0,0,
WL2,8,NA,77,1,1900,3,0,0,0,0,0,0,0,0,0,0,0,0,0,0,0,0,0,
WL2,8,NA,78,1,1901,3,3,0,1,0,0,0,0,0,1,0,0,1,0,0,0,0,0,
WL2,8,NA,79,1,1902,3,2,0,0,0,0,0,0,2,0,0,0,0,0,0,0,0,0,
WL2,8,NA,80,1,1903,3,0,0,0,0,0,0,0,0,0,0,0,0,0,0,0,0,0,
WL2,9,NA,81,1,1904,3,0,0,0,0,0,0,0,0,0,0,0,0,0,0,0,0,0,
WL2,9,NA,82,1,1905,3,0,0,0,0,0,0,0,0,0,0,0,0,0,0,0,0,0,
WL2,9,NA,83,1,1906,3,0,0,0,0,0,0,0,0,0,0,0,0,0,0,0,0,0,
WL2,9,NA,84,1,1907,3,0,0,0,0,0,0,0,0,0,0,0,0,0,0,0,0,0,5/2 removed non-STTO seedling
WL2,9,NA,85,1,1908,3,2,0,0,0,0,0,0,0,0,2,0,0,0,0,0,0,0,
WL2,9,NA,86,1,1909,3,0,0,0,0,0,0,0,0,0,0,0,0,0,0,0,0,0,
WL2,9,NA,87,1,1910,3,0,0,0,0,0,0,0,0,0,0,0,0,0,0,0,0,0,
WL2,9,NA,88,1,1911,3,1,0,0,0,0,0,0,0,0,0,0,0,0,0,1,0,0,
WL2,9,NA,89,1,1912,3,2,0,0,0,1,0,0,0,0,0,0,0,0,0,1,0,0,
WL2,9,NA,90,1,1913,3,1,0,0,0,0,0,0,0,1,0,0,0,0,0,0,0,0,
WL2,10,NA,91,1,1914,3,2,0,0,0,0,0,0,0,1,0,0,0,1,0,0,0,0,
WL2,10,NA,92,1,1915,3,2,0,0,0,0,0,0,1,0,0,0,0,0,0,0,1,0,
WL2,10,NA,93,1,1916,3,1,0,0,0,0,0,0,1,0,0,0,0,0,0,0,0,0,
WL2,10,NA,94,1,1917,3,0,0,0,0,0,0,0,0,0,0,0,0,0,0,0,0,0,
WL2,10,NA,95,1,1918,3,0,0,0,0,0,0,0,0,0,0,0,0,0,0,0,0,0,
WL2,10,NA,96,1,1919,3,1,0,0,0,1,0,0,0,0,0,0,0,0,0,0,0,0,
WL2,10,NA,97,1,1920,3,0,0,0,0,0,0,0,0,0,0,0,0,0,0,0,0,0,
WL2,10,NA,98,1,1921,3,0,0,0,0,0,0,0,0,0,0,0,0,0,0,0,0,0,
LV1,11,NA,1,2,1663,3,0,0,0,0,0,0,0,0,0,0,0,0,0,0,0,0,0,
LV1,11,NA,2,2,1664,3,0,0,0,0,0,0,0,0,0,0,0,0,0,0,0,0,0,5/2 removed 1 non-STTO seedling
LV1,11,NA,3,2,1665,3,0,0,0,0,0,0,0,0,0,0,0,0,0,0,0,0,0,
LV1,11,NA,4,2,1666,3,0,0,0,0,0,0,0,0,0,0,0,0,0,0,0,0,0,
LV1,11,NA,5,2,1667,3,1,0,0,0,0,0,0,0,1,0,0,0,0,0,0,0,0,
LV1,11,NA,6,2,1668,3,0,0,0,0,0,0,0,0,0,0,0,0,0,0,0,0,0,
LV1,11,NA,7,2,1669,3,0,0,0,0,0,0,0,0,0,0,0,0,0,0,0,0,0,
LV1,11,NA,8,2,1670,3,0,0,0,0,0,0,0,0,0,0,0,0,0,0,0,0,0,
LV1,11,NA,9,2,1671,3,0,0,0,0,0,0,0,0,0,0,0,0,0,0,0,0,0,
LV1,11,NA,10,2,1672,3,0,0,0,0,0,0,0,0,0,0,0,0,0,0,0,0,0,
LV1,11,NA,11,2,1673,3,0,0,0,0,0,0,0,0,0,0,0,0,0,0,0,0,0,
LV1,22,NA,12,2,1674,3,0,0,0,0,0,0,0,0,0,0,0,0,0,0,0,0,0,
LV1,22,NA,13,2,1675,3,1,0,0,0,0,0,0,0,0,0,0,0,0,0,1,0,0,
LV1,22,NA,14,2,1676,3,0,0,0,0,0,0,0,0,0,0,0,0,0,0,0,0,0,
LV1,22,NA,15,2,1677,3,0,0,0,0,0,0,0,0,0,0,0,0,0,0,0,0,0,
LV1,22,NA,16,2,1678,3,0,0,0,0,0,0,0,0,0,0,0,0,0,0,0,0,0,
LV1,22,NA,17,2,1679,3,0,0,0,0,0,0,0,0,0,0,0,0,0,0,0,0,0,
LV1,22,NA,18,2,1680,3,0,0,0,0,0,0,0,0,0,0,0,0,0,0,0,0,0,5/5 removed 1 non-STTO seedling
LV1,22,NA,19,2,1681,3,0,0,0,0,0,0,0,0,0,0,0,0,0,0,0,0,0,
LV1,22,NA,20,2,1682,3,0,0,0,0,0,0,0,0,0,0,0,0,0,0,0,0,0,
LV1,22,NA,21,2,1683,3,0,0,0,0,0,0,0,0,0,0,0,0,0,0,0,0,0,
SQ3,5,NA,1,2,1684,3,1,0,0,0,0,0,0,0,0,1,0,0,0,0,0,0,0,
SQ3,5,NA,2,2,1685,3,0,0,0,0,0,0,0,0,0,0,0,0,0,0,0,0,0,
SQ3,5,NA,3,2,1686,3,1,1,0,0,0,0,0,0,0,0,0,0,0,0,0,0,0,
SQ3,5,NA,4,2,1687,3,0,0,0,0,0,0,0,0,0,0,0,0,0,0,0,0,0,
SQ3,5,NA,5,2,1688,3,1,1,0,0,0,0,0,0,0,0,0,0,0,0,0,0,0,
SQ3,5,NA,6,2,1689,3,0,0,0,0,0,0,0,0,0,0,0,0,0,0,0,0,0,
SQ3,5,NA,7,2,1690,3,0,0,0,0,0,0,0,0,0,0,0,0,0,0,0,0,0,
SQ3,12,NA,8,2,1691,3,0,0,0,0,0,0,0,0,0,0,0,0,0,0,0,0,0,
SQ3,12,NA,9,2,1692,3,1,0,0,0,0,0,1,0,0,0,0,0,0,0,0,0,0,
SQ3,12,NA,10,2,1693,3,1,0,0,0,1,0,0,0,0,0,0,0,0,0,0,0,0,
SQ3,12,NA,11,2,1694,3,3,2,0,1,0,0,0,0,0,0,0,0,0,0,0,0,0,
SQ3,12,NA,12,2,1695,3,0,0,0,0,0,0,0,0,0,0,0,0,0,0,0,0,0,
SQ3,12,NA,13,2,1696,3,0,0,0,0,0,0,0,0,0,0,0,0,0,0,0,0,0,
SQ3,12,NA,14,2,1697,3,1,0,0,0,0,0,0,0,0,0,1,0,0,0,0,0,0,5/2 removed non-STTO seedling
SQ3,7,NA,15,2,1698,3,0,0,0,0,0,0,0,0,0,0,0,0,0,0,0,0,0,
SQ3,7,NA,16,2,1699,3,2,0,0,0,0,0,1,0,0,1,0,0,0,0,0,0,0,
SQ3,7,NA,17,2,1700,3,1,0,0,0,0,1,0,0,0,0,0,0,0,0,0,0,0,
SQ3,7,NA,18,2,1701,3,1,0,0,0,0,1,0,0,0,0,0,0,0,0,0,0,0,5/2 removed seedling counted in the previous week 
SQ3,7,NA,19,2,1702,3,0,0,0,0,0,0,0,0,0,0,0,0,0,0,0,0,0,
SQ3,7,NA,20,2,1703,3,0,0,0,0,0,0,0,0,0,0,0,0,0,0,0,0,0,
SQ3,7,NA,21,2,1704,3,3,1,0,0,0,1,1,0,0,0,0,0,0,0,0,0,0,
WL1,8,NA,1,2,1803,3,2,2,0,0,0,0,0,0,0,0,0,0,0,0,0,0,0,
WL1,8,NA,2,2,1804,3,3,2,0,0,1,0,0,0,0,0,0,0,0,0,0,0,0,
WL1,8,NA,3,2,1805,3,0,0,0,0,0,0,0,0,0,0,0,0,0,0,0,0,0,
WL1,8,NA,4,2,1806,3,1,0,0,0,0,0,0,0,1,0,0,0,0,0,0,0,0,
WL1,8,NA,5,2,1807,3,2,0,1,0,1,0,0,0,0,0,0,0,0,0,0,0,0,5/2 removed non-STTO seedling
WL1,8,NA,6,2,1808,3,1,1,0,0,0,0,0,0,0,0,0,0,0,0,0,0,0,
WL1,8,NA,7,2,1809,3,3,2,0,0,0,1,0,0,0,0,0,0,0,0,0,0,0,
WL1,18,NA,8,2,1810,3,0,0,0,0,0,0,0,0,0,0,0,0,0,0,0,0,0,
WL1,18,NA,9,2,1811,3,1,0,1,0,0,0,0,0,0,0,0,0,0,0,0,0,0,
WL1,18,NA,10,2,1812,3,1,0,0,0,0,0,0,0,1,0,0,0,0,0,0,0,0,
WL1,18,NA,11,2,1813,3,0,0,0,0,0,0,0,0,0,0,0,0,0,0,0,0,0,
WL1,18,NA,12,2,1814,3,2,0,0,0,0,1,0,0,1,0,0,0,0,0,0,0,0,
WL1,18,NA,13,2,1815,3,1,0,0,1,0,0,0,0,0,0,0,0,0,0,0,0,0,
WL1,18,NA,14,2,1816,3,0,0,0,0,0,0,0,0,0,0,0,0,0,0,0,0,0,5/1 non-STTO seedling 5/2 removed non-STTO seedling from previous day
WL1,13,NA,15,2,1817,3,0,0,0,0,0,0,0,0,0,0,0,0,0,0,0,0,0,
WL1,13,NA,16,2,1818,3,0,0,0,0,0,0,0,0,0,0,0,0,0,0,0,0,0,
WL1,13,NA,17,2,1819,3,1,1,0,0,0,0,0,0,0,0,0,0,0,0,0,0,0,
WL1,13,NA,18,2,1820,3,1,1,0,0,0,0,0,0,0,0,0,0,0,0,0,0,0,
WL1,13,NA,19,2,1821,3,1,1,0,0,0,0,0,0,0,0,0,0,0,0,0,0,0,
WL1,13,NA,20,2,1822,3,1,1,0,0,0,0,0,0,0,0,0,0,0,0,0,0,0,
WL1,13,NA,21,2,1823,3,0,0,0,0,0,0,0,0,0,0,0,0,0,0,0,0,0,
BH x WL2,3-3,8-10,1,2,1964,4,0,0,0,0,0,0,0,0,0,0,0,0,0,0,0,0,0,
BH x WL2,3-3,2-A,2,2,1965,3,0,0,0,0,0,0,0,0,0,0,0,0,0,0,0,0,0,
BH x WL2,3-3,2-A,3,2,1966,3,0,0,0,0,0,0,0,0,0,0,0,0,0,0,0,0,0,
BH x WL2,1-3,8-10,4,2,1967,3,4,2,0,0,0,0,2,0,0,0,0,0,0,0,0,0,0,4/30 4 seedlings
BH x WL2,19-A,8-A,5,2,1968,3,3,3,0,0,0,0,0,0,0,0,0,0,0,0,0,0,0,
BH x WL2,19-A,8-A,6,2,1969,3,0,0,0,0,0,0,0,0,0,0,0,0,0,0,0,0,0,
BH x WL2,1-3,8-1,7,2,1970,3,3,1,0,0,0,0,0,0,2,0,0,0,0,0,0,0,0,
SQ3 x WL2,6-C,8-A,1,2,1989,4,1,0,0,0,0,0,0,1,0,0,0,0,0,0,0,0,0,
SQ3 x WL2,6-C,8-A,2,2,1990,3,2,1,1,0,0,0,0,0,0,0,0,0,0,0,0,0,0,
SQ3 x WL2,6-C,8-A,3,2,1991,3,2,0,0,1,0,0,1,0,0,0,0,0,0,0,0,0,0,
WL1 x WL2,2-3,2-2,1,2,2006,4,2,2,0,0,0,0,0,0,0,0,0,0,0,0,0,0,0,
WL1 x WL2,2-3,2-2,2,2,2007,3,2,1,0,0,1,0,0,0,0,0,0,0,0,0,0,0,0,
WL1 x WL2,2-3,2-2,3,2,2008,3,2,0,0,0,2,0,0,0,0,0,0,0,0,0,0,0,0,
WL1 x WL2,2-2,10-1,4,2,2009,3,3,3,0,0,0,0,0,0,0,0,0,0,0,0,0,0,0,5/2 removed non-STTO seedling
WL1 x WL2,2-2,10-1,5,2,2010,3,1,1,0,0,0,0,0,0,0,0,0,0,0,0,0,0,0,
WL1 x WL2,2-2,10-1,6,2,2011,3,3,2,0,0,0,0,1,0,0,0,0,0,0,0,0,0,0,
WL2 x LV1,8-1,14-1,1,2,2019,3,2,0,0,0,0,0,0,2,0,0,0,0,0,0,0,0,0,
WL2 x LV1,8-1,14-1,2,2,2020,3,2,0,0,1,0,0,0,0,1,0,0,0,0,0,0,0,0,
WL2 x LV1,8-1,14-1,3,2,2021,3,0,0,0,0,0,0,0,0,0,0,0,0,0,0,0,0,0,
WL2 x LV1,8-1,14-1,4,2,2022,3,0,0,0,0,0,0,0,0,0,0,0,0,0,0,0,0,0,
WL2 x LV1,2-A,14-A,5,2,2023,3,2,0,0,0,0,0,0,0,0,0,0,0,0,0,1,1,0,
WL2 x LV1,2-A,14-A,6,2,2024,3,1,0,0,0,0,0,1,0,0,0,0,0,0,0,0,0,0,
WL2 x LV1,2-A,14-A,7,2,2025,2,2,0,0,0,0,1,0,1,0,0,0,0,0,0,0,0,0,
WL2 x WL1,10-1,2-1,1,2,2035,4,1,0,0,0,0,0,0,0,1,0,0,0,0,0,0,0,0,
WL2 x WL1,10-1,2-1,2,2,2036,3,1,1,0,0,0,0,0,0,0,0,0,0,0,0,0,0,0,
WL2 x WL1,10-1,2-1,3,2,2037,3,0,0,0,0,0,0,0,0,0,0,0,0,0,0,0,0,0,
WL2 x YO11,2-A,11-2,1,2,2047,3,2,0,1,0,0,0,0,0,0,1,0,0,0,0,0,0,0,
WL2 x YO11,2-A,11-2,2,2,2048,3,2,0,0,0,0,0,0,1,0,0,0,0,0,1,0,0,0,
WL2 x YO11,2-A,11-2,3,2,2049,3,2,0,0,0,0,0,0,0,1,0,0,0,0,0,1,0,0,
WL2 x YO11,8-1,11-1,4,2,2050,3,2,1,0,0,1,0,0,0,0,0,0,0,0,0,0,0,0,
WL2 x YO11,8-1,14-10,5,2,2051,3,1,0,0,0,0,0,0,0,1,0,0,0,0,0,0,0,0,
WL2 x YO11,8-1,14-10,6,2,2052,3,0,0,0,0,0,0,0,0,0,0,0,0,0,0,0,0,0,
WL2 x YO11,8-1,14-10,7,2,2053,2,1,1,0,0,0,0,0,0,0,0,0,0,0,0,0,0,0,
YO11,1,NA,1,3,1943,3,0,0,0,0,0,0,0,0,0,0,0,0,0,0,0,0,0,
YO11,1,NA,2,3,1944,3,0,0,0,0,0,0,0,0,0,0,0,0,0,0,0,0,0,
YO11,1,NA,3,3,1945,3,0,0,0,0,0,0,0,0,0,0,0,0,0,0,0,0,0,
YO11,1,NA,4,3,1946,3,0,0,0,0,0,0,0,0,0,0,0,0,0,0,0,0,0,
YO11,1,NA,5,3,1947,3,0,0,0,0,0,0,0,0,0,0,0,0,0,0,0,0,0,
YO11,1,NA,6,3,1948,3,0,0,0,0,0,0,0,0,0,0,0,0,0,0,0,0,0,
YO11,1,NA,7,3,1949,3,0,0,0,0,0,0,0,0,0,0,0,0,0,0,0,0,0,
YO11,4,NA,8,3,1950,3,1,0,0,0,1,0,0,0,0,0,0,0,0,0,0,0,0,
YO11,4,NA,9,3,1951,3,0,0,0,0,0,0,0,0,0,0,0,0,0,0,0,0,0,
YO11,4,NA,10,3,1952,3,0,0,0,0,0,0,0,0,0,0,0,0,0,0,0,0,0,
YO11,4,NA,11,3,1953,3,0,0,0,0,0,0,0,0,0,0,0,0,0,0,0,0,0,
YO11,4,NA,12,3,1954,3,0,0,0,0,0,0,0,0,0,0,0,0,0,0,0,0,0,
YO11,4,NA,13,3,1955,3,0,0,0,0,0,0,0,0,0,0,0,0,0,0,0,0,0,
YO11,4,NA,14,3,1956,3,0,0,0,0,0,0,0,0,0,0,0,0,0,0,0,0,0,
YO11,5,NA,15,3,1957,3,0,0,0,0,0,0,0,0,0,0,0,0,0,0,0,0,0,
YO11,5,NA,16,3,1958,3,0,0,0,0,0,0,0,0,0,0,0,0,0,0,0,0,0,
YO11,5,NA,17,3,1959,3,2,0,0,0,0,0,0,0,0,2,0,0,0,0,0,0,0,5/5 2 small germinants maybe STTO 5/7 confirmed 2 germs on 5/5 were STTO
YO11,5,NA,18,3,1960,3,0,0,0,0,0,0,0,0,0,0,0,0,0,0,0,0,0,
YO11,5,NA,19,3,1961,3,1,0,0,0,0,0,0,0,0,1,0,0,0,0,0,0,0,
YO11,5,NA,20,3,1962,3,0,0,0,0,0,0,0,0,0,0,0,0,0,0,0,0,0,
YO11,5,NA,21,3,1963,3,0,0,0,0,0,0,0,0,0,0,0,0,0,0,0,0,0,
BH x WL2,1-3,8-1,8,3,1971,3,1,0,0,0,0,0,1,0,0,0,0,0,0,0,0,0,0,
BH x WL2,1-3,8-1,9,3,1972,3,3,1,0,1,0,0,1,0,0,0,0,0,0,0,0,0,0,
CC x WL2,,,1,3,1973,4,0,0,0,0,0,0,0,0,0,0,0,0,0,0,0,0,0,
DPR x WL2,,,1,3,1974,4,3,1,0,0,1,0,1,0,0,0,0,0,0,0,0,0,0,
DPR x WL2,,,2,3,1975,3,3,0,0,0,0,0,1,0,1,1,0,0,0,0,0,0,0,
DPR x WL2,,,3,3,1976,3,3,0,0,0,1,0,0,0,0,0,0,0,0,2,0,0,0,
DPR x WL2,,,4,3,1977,3,1,0,0,0,0,0,1,0,0,0,0,0,0,0,0,0,0,
LV1 x WL2,14,8,1,3,1978,4,0,0,0,0,0,0,0,0,0,0,0,0,0,0,0,0,0,
LV1 x WL2,14,8,2,3,1979,3,3,0,0,0,0,1,0,0,2,0,0,0,0,0,0,0,0,
LV1 x WL2,,,3,3,1980,3,0,0,0,0,0,0,0,0,0,0,0,0,0,0,0,0,0,
LV1 x WL2,14,8,4,3,1981,3,2,0,0,0,0,0,0,0,1,1,0,0,0,0,0,0,0,
LV1 x WL2,14,8,5,3,1982,3,1,0,0,0,0,0,0,0,1,0,0,0,0,0,0,0,0,
LV1 x WL2,14,8,6,3,1983,3,1,0,0,0,0,0,0,0,0,0,0,0,0,1,0,0,0,5/2 removed non-STTO seedling
LV1 x WL2,14,8,7,3,1984,3,0,0,0,0,0,0,0,0,0,0,0,0,0,0,0,0,0,
LV1 x WL2,14,8,8,3,1985,3,1,0,0,0,1,0,0,0,0,0,0,0,0,0,0,0,0,
LV1 x WL2,14,8,9,3,1986,3,0,0,0,0,0,0,0,0,0,0,0,0,0,0,0,0,0,
LV1 x WL2,14,8,10,3,1987,3,0,0,0,0,0,0,0,0,0,0,0,0,0,0,0,0,0,
LV1 x WL2,14,8,11,3,1988,3,1,0,0,0,1,0,0,0,0,0,0,0,0,0,0,0,0,
TM2 x WL2,2,2,1,3,1992,3,1,1,0,0,0,0,0,0,0,0,0,0,0,0,0,0,0,
TM2 x WL2,2,2,2,3,1993,3,2,1,0,0,0,0,1,0,0,0,0,0,0,0,0,0,0,
TM2 x WL2,2,2,3,3,1994,3,0,0,0,0,0,0,0,0,0,0,0,0,0,0,0,0,0,
TM2 x WL2,2,2,4,3,1995,3,1,0,0,0,1,0,0,0,0,0,0,0,0,0,0,0,0,
TM2 x WL2,2,2,5,3,1996,3,0,0,0,0,0,0,0,0,0,0,0,0,0,0,0,0,0,
TM2 x WL2,,,6,3,1997,3,1,0,0,0,0,0,0,0,0,1,0,0,0,0,0,0,0,5/5 1 small seedling maybe STTO 5/7 confirmed seedling from 5/5 was STTO
TM2 x WL2,,,7,3,1998,3,2,0,0,0,0,0,1,0,0,1,0,0,0,0,0,0,0,
TM2 x WL2,,,8,3,1999,3,0,0,0,0,0,0,0,0,0,0,0,0,0,0,0,0,0,
TM2 x WL2,,,9,3,2000,3,2,0,0,0,1,0,0,0,0,0,0,1,0,0,0,0,0,
TM2 x WL2,,,10,3,2001,3,1,0,0,0,0,0,0,1,0,0,0,0,0,0,0,0,0,5/6 removed non-STTO from 5/1
TM2 x WL2,,,11,3,2002,3,1,0,0,0,0,0,0,0,0,0,1,0,0,0,0,0,0,
TM2 x WL2,,,12,3,2003,3,1,0,0,1,0,0,0,0,0,0,0,0,0,0,0,0,0,
TM2 x WL2,,,13,3,2004,3,0,0,0,0,0,0,0,0,0,0,0,0,0,0,0,0,0,
TM2 x WL2,,,14,3,2005,3,0,0,0,0,0,0,0,0,0,0,0,0,0,0,0,0,0,
WL2 x BH,5,3,1,3,2012,3,0,0,0,0,0,0,0,0,0,0,0,0,0,0,0,0,0,
WL2 x CC,,,1,3,2013,3,2,0,0,0,1,0,0,1,0,0,0,0,0,0,0,0,0,
WL2 x DPR,,,1,3,2014,4,0,0,0,0,0,0,0,0,0,0,0,0,0,0,0,0,0,
WL2 x DPR,,,2,3,2015,3,3,0,0,0,0,1,0,0,2,0,0,0,0,0,0,0,0,
WL2 x DPR,,,3,3,2016,3,2,0,0,1,0,0,0,0,0,0,0,1,0,0,0,0,0,
WL2 x DPR,,,4,3,2017,3,0,0,0,0,0,0,0,0,0,0,0,0,0,0,0,0,0,
WL2 x DPR,,,5,3,2018,3,1,0,0,0,0,0,0,0,0,0,1,0,0,0,0,0,0,
WL2 x SQ3,8,6,1,3,2026,4,0,0,0,0,0,0,0,0,0,0,0,0,0,0,0,0,0,
WL2 x SQ3,,,2,3,2027,3,1,0,0,0,0,0,0,1,0,0,0,0,0,0,0,0,0,5/2 removed non-STTO seedling
WL2 x TM2,8,5,1,3,2028,3,0,0,0,0,0,0,0,0,0,0,0,0,0,0,0,0,0,
WL2 x TM2,8,5,2,3,2029,3,0,0,0,0,0,0,0,0,0,0,0,0,0,0,0,0,0,5/2 removed 2 non-STTO seedlings
WL2 x TM2,8,5,3,3,2030,3,0,0,0,0,0,0,0,0,0,0,0,0,0,0,0,0,0,
WL2 x TM2,,,4,3,2031,3,1,0,0,0,1,0,0,0,0,0,0,0,0,0,0,0,0,
WL2 x TM2,,,5,3,2032,3,0,0,0,0,0,0,0,0,0,0,0,0,0,0,0,0,0,
WL2 x TM2,,,6,3,2033,3,0,0,0,0,0,0,0,0,0,0,0,0,0,0,0,0,0,
WL2 x TM2,,,7,3,2034,2,0,0,0,0,0,0,0,0,0,0,0,0,0,0,0,0,0,
WL2 x WL1,,,4,2,2038,3,0,0,0,0,0,0,0,0,0,0,0,0,0,0,0,0,0,
WL2 x WV,,,1,3,2040,3,2,0,0,0,0,0,0,1,1,0,0,0,0,0,0,0,0,
WL2 x WV,,,2,3,2041,3,1,0,0,0,0,0,0,0,0,0,0,0,0,0,1,0,0,
WL2 x WV,,,3,3,2042,3,0,0,0,0,0,0,0,0,0,0,0,0,0,0,0,0,0,
WL2 x WV,,,4,3,2043,3,1,0,0,0,0,0,0,0,0,0,0,1,0,0,0,0,0,
WL2 x WV,,,5,3,2044,3,0,0,0,0,0,0,0,0,0,0,0,0,0,0,0,0,0,
WL2 x WV,,,6,3,2045,3,0,0,0,0,0,0,0,0,0,0,0,0,0,0,0,0,0,
WL2 x WV,,,7,3,2046,2,1,0,0,0,0,0,0,0,1,0,0,0,0,0,0,0,0,
YO11 x WL2,,,1,3,2054,4,4,0,0,0,0,0,0,0,2,0,0,0,0,0,2,0,0,
YO11 x WL2,,,2,3,2055,3,1,0,0,0,0,0,0,1,0,0,0,0,0,0,0,0,0,
YO11 x WL2,,,3,3,2056,3,0,0,0,0,0,0,0,0,0,0,0,0,0,0,0,0,0,
(CC x WL2) x (WL2 x TM2),2,1,1,3,2057,4,1,0,0,0,0,1,0,0,0,0,0,0,0,0,0,0,0,
(CC x WL2) x (WL2 x TM2),2,1,2,3,2058,3,0,0,0,0,0,0,0,0,0,0,0,0,0,0,0,0,0,
(CC x WL2) x (WL2 x WL1),1,2,1,3,2060,1,0,0,0,0,0,0,0,0,0,0,0,0,0,0,0,0,0,
(CC x WL2) x (WV x WL2),2,1,1,3,2077,4,2,0,0,0,0,0,0,0,0,0,0,2,0,0,0,0,0,5/7 4 seedlings
(LV1 x WL2) x (YO11 x WL2),8,25,1,3,2091,1,2,0,0,0,0,1,0,0,1,0,0,0,0,0,0,0,0,
(TM2 x WL2) x (TM2 x BH),14,13,1,3,2126,1,1,1,0,0,0,0,0,0,0,0,0,0,0,0,0,0,0,
(TM2 x WL2) x (TM2 x BH),14,13,2,3,2127,1,1,0,0,0,0,0,1,0,0,0,0,0,0,0,0,0,0,
(TM2 x WL2) x (TM2 x DPR),2,2,1,3,2128,1,0,0,0,0,0,0,0,0,0,0,0,0,0,0,0,0,0,
(TM2 x WL2) x (WL1 x TM2),2,1,1,3,2164,3,1,0,0,0,0,0,0,1,0,0,0,0,0,0,0,0,0,
(TM2 x WL2) x (WL1 x TM2),2,1,2,3,2165,2,1,0,0,1,0,0,0,0,0,0,0,0,0,0,0,0,0,
(WL1 x WL2) x (WL2 x TM2),2,1,1,3,2187,1,0,0,0,0,0,0,0,0,0,0,0,0,0,0,0,0,0,5/2 removed non-STTO seedling
(WL2 x CC) x (YO11 x WL2),2,3,1,3,2230,1,1,0,0,0,0,0,0,0,1,0,0,0,0,0,0,0,0,
(WL2 x TM2) x (WV x WL2),3,4,1,3,2294,1,1,0,0,0,0,0,0,0,1,0,0,0,0,0,0,0,0,
(WL2 x TM2) x (WV x WL2),3,4,2,3,2295,1,0,0,0,0,0,0,0,0,0,0,0,0,0,0,0,0,0,
(WL2) x (DPR x WL2),,3,1,3,2306,1,1,0,0,0,0,0,0,0,0,0,1,0,0,0,0,0,0,
(WL2) x (TM2 x WL2),16,14,1,3,2307,1,0,0,0,0,0,0,0,0,0,0,0,0,0,0,0,0,0,
(WL2) x (TM2 x WL2),16,14,2,3,2308,1,1,0,0,0,0,0,1,0,0,0,0,0,0,0,0,0,0,
(WL2) x (YO11 x WL2),14,1,1,3,2330,1,0,0,0,0,0,0,0,0,0,0,0,0,0,0,0,0,0,
(WL2) x (YO11 x WL2),14,1,2,3,2331,1,0,0,0,0,0,0,0,0,0,0,0,0,0,0,0,0,0,
(YO11 x WL2) x (TM2 x WL2),26,15,1,3,2379,1,0,0,0,0,0,0,0,0,0,0,0,0,0,0,0,0,0,
(CC x WL2) x (WL2 x TM2),2,1,3,4,2059,3,0,0,0,0,0,0,0,0,0,0,0,0,0,0,0,0,0,
(SQ3 x WL2) x (WL2),3,13-B,8,4,2099,3,0,0,0,0,0,0,0,0,0,0,0,0,0,0,0,0,0,
(SQ3 x WL2) x (WL2),3,13-B,9,4,2100,3,0,0,0,0,0,0,0,0,0,0,0,0,0,0,0,0,0,
(SQ3 x WL2) x (WL2),3,13-B,10,4,2101,3,0,0,0,0,0,0,0,0,0,0,0,0,0,0,0,0,0,
(SQ3 x WL2) x (WL2),12,16-A,11,4,2102,3,0,0,0,0,0,0,0,0,0,0,0,0,0,0,0,0,0,
(SQ3 x WL2) x (WL2),12,16-A,12,4,2103,3,3,0,2,0,0,0,0,0,1,0,0,0,0,0,0,0,0,
(SQ3 x WL2) x (WL2),12,16-A,13,4,2104,3,1,0,0,0,1,0,0,0,0,0,0,0,0,0,0,0,0,
(SQ3 x WL2) x (WL2),12,16-A,14,4,2105,3,0,0,0,0,0,0,0,0,0,0,0,0,0,0,0,0,0,
(SQ3 x WL2) x (WL2),12,16-A,15,4,2106,3,1,0,0,0,0,0,0,1,0,0,0,0,0,0,0,0,0,5/2 removed non-STTO seedling
(SQ3 x WL2) x (WL2),12,16-A,16,4,2107,3,0,0,0,0,0,0,0,0,0,0,0,0,0,0,0,0,0,
(SQ3 x WL2) x (WL2),12,16-A,17,4,2108,3,0,0,0,0,0,0,0,0,0,0,0,0,0,0,0,0,0,
(SQ3 x WL2) x (WL2),12,16-A,18,4,2109,3,2,0,0,0,0,0,0,1,1,0,0,0,0,0,0,0,0,
(SQ3 x WL2) x (WL2),12,16-A,19,4,2110,3,1,0,0,0,0,0,0,0,1,0,0,0,0,0,0,0,0,
(SQ3 x WL2) x (WL2),12,16-A,20,4,2111,3,0,0,0,0,0,0,0,0,0,0,0,0,0,0,0,0,0,5/2 removed non-STTO seedling
(SQ3 x WL2) x (WL2),12,16-A,21,4,2112,3,1,0,0,0,0,0,0,0,0,1,0,0,0,0,0,0,0,
(SQ3 x WL2) x (WL2),12,16-A,22,4,2113,3,0,0,0,0,0,0,0,0,0,0,0,0,0,0,0,0,0,
(TM2 x WL2) x (WL2 x DPR),15,18,1,4,2166,3,1,0,0,0,0,0,1,0,0,0,0,0,0,0,0,0,0,
(TM2 x WL2) x (WL2 x DPR),15,18,2,4,2167,3,1,0,0,0,0,0,0,0,1,0,0,0,0,0,0,0,0,
(TM2 x WL2) x (WL2 x DPR),15,18,3,4,2168,3,0,0,0,0,0,0,0,0,0,0,0,0,0,0,0,0,0,
(TM2) x (TM2 x WL2),2-1,2,1,4,2169,3,1,0,0,0,0,0,1,0,0,0,0,0,0,0,0,0,0,
(TM2) x (TM2 x WL2),2-1,2,2,4,2170,3,3,2,0,0,0,0,1,0,0,0,0,0,0,0,0,0,0,
(TM2) x (TM2 x WL2),2-1,2,3,4,2171,3,3,1,0,0,0,0,2,0,0,0,0,0,0,0,0,0,0,
(TM2) x (TM2 x WL2),2-1,2,4,4,2172,3,0,0,0,0,0,0,0,0,0,0,0,0,0,0,0,0,0,
(TM2) x (TM2 x WL2),2-1,2,5,4,2173,3,2,0,0,0,0,0,1,0,1,0,0,0,0,0,0,0,0,
(TM2) x (TM2 x WL2),5-2,14,6,4,2174,3,2,0,0,0,0,1,0,0,0,1,0,0,0,0,0,0,0,
(TM2) x (TM2 x WL2),5-11,15,7,4,2175,3,0,0,0,0,0,0,0,0,0,0,0,0,0,0,0,0,0,
(TM2) x (TM2 x WL2),5-11,15,8,4,2176,3,0,0,0,0,0,0,0,0,0,0,0,0,0,0,0,0,0,
(TM2) x (TM2 x WL2),5-11,15,9,4,2177,3,0,0,0,0,0,0,0,0,0,0,0,0,0,0,0,0,0,
(TM2) x (TM2 x WL2),,,10,4,2178,3,0,0,0,0,0,0,0,0,0,0,0,0,0,0,0,0,0,
(TM2) x (TM2 x WL2),2-2,14,11,4,2179,3,0,0,0,0,0,0,0,0,0,0,0,0,0,0,0,0,0,
(TM2) x (TM2 x WL2),2-2,14,12,4,2180,3,0,0,0,0,0,0,0,0,0,0,0,0,0,0,0,0,0,
(TM2) x (TM2 x WL2),2-2,14,13,4,2181,3,0,0,0,0,0,0,0,0,0,0,0,0,0,0,0,0,0,
(TM2) x (TM2 x WL2),2-2,14,14,4,2182,2,0,0,0,0,0,0,0,0,0,0,0,0,0,0,0,0,0,
(TM2) x (TM2 x WL2),2-2,5,15,4,2183,3,0,0,0,0,0,0,0,0,0,0,0,0,0,0,0,0,0,
(TM2) x (TM2 x WL2),,,16,4,2184,3,1,0,0,0,1,0,0,0,0,0,0,0,0,0,0,0,0,5/2 removed non-STTO marked as STTO on 5/1
(TM2) x (TM2 x WL2),5-2,14,17,4,2185,3,0,0,0,0,0,0,0,0,0,0,0,0,0,0,0,0,0,
(TM2) x (TM2 x WL2),5-2,14,18,4,2186,2,0,0,0,0,0,0,0,0,0,0,0,0,0,0,0,0,0,
(WL2 x BH) x (WL2 x CC),1,2,1,4,2192,4,3,0,0,0,1,0,0,0,1,0,0,1,0,0,0,0,0,
(WL2 x BH) x (WL2 x CC),1,2,2,4,2193,3,3,0,0,1,0,0,1,0,0,1,0,0,0,0,0,0,0,
(WL2 x BH) x (WL2 x CC),1,2,3,4,2194,3,3,0,0,1,0,0,0,0,2,0,0,0,0,0,0,0,0,
(WL2 x BH) x (WL2 x CC),1,2,4,4,2195,3,2,0,0,0,0,0,1,0,1,0,0,0,0,0,0,0,0,
(WL2 x BH) x (WL2 x CC),1,2,5,4,2196,3,3,0,2,0,0,0,0,0,1,0,0,0,0,0,0,0,0,5/2 I think this germinated before today (as large as others)
(WL2 x BH) x (WL2 x CC),1,2,6,4,2197,3,3,0,0,0,0,0,3,0,0,0,0,0,0,0,0,0,0,
(WL2 x BH) x (WL2 x CC),1,2,7,4,2198,3,3,0,0,0,1,0,2,0,0,0,0,0,0,0,0,0,0,
(WL2 x BH) x (WL2 x CC),1,2,8,4,2199,3,2,0,0,0,1,0,0,1,0,0,0,0,0,0,0,0,0,
(WL2 x BH) x (WL2 x CC),1,2,9,4,2200,3,2,0,0,0,0,1,0,0,1,0,0,0,0,0,0,0,0,
(WL2 x BH) x (WL2 x CC),1,2,10,4,2201,3,2,0,0,0,0,1,0,0,1,0,0,0,0,0,0,0,0,
(WL2 x BH) x (WL2 x CC),1,2,11,4,2202,3,0,0,0,0,0,0,0,0,0,0,0,0,0,0,0,0,0,
(WL2 x BH) x (WL2 x CC),1,2,12,4,2203,3,0,0,0,0,0,0,0,0,0,0,0,0,0,0,0,0,0,
(WL2 x BH) x (WL2 x CC),1,2,13,4,2204,3,3,0,0,0,1,0,0,0,2,0,0,0,0,0,0,0,0,
(WL2 x BH) x (WL2 x CC),1,2,14,4,2205,3,3,2,0,0,1,0,0,0,0,0,0,0,0,0,0,0,0,
(WL2 x BH) x (WL2 x CC),1,2,15,4,2206,3,1,0,0,0,0,0,0,0,1,0,0,0,0,0,0,0,0,
(WL2 x BH) x (WL2 x CC),1,2,16,4,2207,3,2,0,0,0,0,0,2,0,0,0,0,0,0,0,0,0,0,
(WL2 x BH) x (WL2 x CC),,,17,4,2208,2,2,0,0,1,0,1,0,0,0,0,0,0,0,0,0,0,0,
(WL2 x BH) x (WL2 x CC),2,3,18,4,2209,3,3,1,0,0,0,0,0,2,0,0,0,0,0,0,0,0,0,
(WL2 x BH) x (WL2 x CC),2,3,19,4,2210,3,0,0,0,0,0,0,0,0,0,0,0,0,0,0,0,0,0,
(WL2 x BH) x (WL2 x CC),2,3,20,4,2211,3,3,1,0,0,1,0,1,0,0,0,0,0,0,0,0,0,0,
(WL2 x BH) x (WL2 x CC),2,3,21,4,2212,3,3,1,0,0,1,0,1,0,0,0,0,0,0,0,0,0,0,
(WL2 x BH) x (WL2 x CC),2,3,22,4,2213,3,3,0,0,0,0,1,0,1,1,0,0,0,0,0,0,0,0,
(WL2 x BH) x (WL2 x TM2),2,3,1,4,2214,2,1,0,0,0,0,1,0,0,0,0,0,0,0,0,0,0,0,
(WL2 x BH) x (WL2 x TM2),2,3,2,4,2215,2,2,0,0,0,0,0,2,0,0,0,0,0,0,0,0,0,0,
(WL2 x BH) x (WL2 x TM2),2,3,3,4,2216,2,1,0,0,0,0,1,0,0,0,0,0,0,0,0,0,0,0,
(WL2 x BH) x (WL2 x TM2),2,3,4,4,2217,2,2,0,1,0,1,0,0,0,0,0,0,0,0,0,0,0,0,
(WL2 x BH) x (WL2 x TM2),2,3,5,4,2218,2,1,0,0,0,0,0,0,0,1,0,0,0,0,0,0,0,0,
(WL2 x BH) x (WL2 x TM2),2,3,6,4,2219,2,0,0,0,0,0,0,0,0,0,0,0,0,0,0,0,0,0,
(WL2 x BH) x (WL2 x TM2),2,3,7,4,2220,2,2,0,0,1,0,0,0,1,0,0,0,0,0,0,0,0,0,
(WL2 x BH) x (WL2 x TM2),2,3,8,4,2221,2,1,0,0,0,0,0,0,0,1,0,0,0,0,0,0,0,0,
(WL2 x BH) x (WL2 x TM2),2,3,9,4,2222,2,2,0,0,0,1,0,1,0,0,0,0,0,0,0,0,0,0,
(WL2 x BH) x (WL2 x TM2),2,3,10,4,2223,2,0,0,0,0,0,0,0,0,0,0,0,0,0,0,0,0,0,
(WL2 x BH) x (WL2 x TM2),2,1,11,4,2224,2,1,0,0,0,0,0,1,0,0,0,0,0,0,0,0,0,0,
(WL2 x BH) x (WL2 x TM2),2,1,12,4,2225,2,2,0,0,0,0,0,2,0,0,0,0,0,0,0,0,0,0,
(WL2 x BH) x (WL2 x TM2),2,1,13,4,2226,1,0,0,0,0,0,0,0,0,0,0,0,0,0,0,0,0,0,
(WL2 x CC) x (WL2 x BH),1,1,1,4,2227,3,0,0,0,0,0,0,0,0,0,0,0,0,0,0,0,0,0,
(WL2 x CC) x (WL2 x BH),1,1,2,4,2228,3,2,0,0,0,1,0,0,0,0,1,0,0,0,0,0,0,0,
(WL2 x CC) x (WL2 x BH),1,1,3,4,2229,2,2,0,0,0,2,0,0,0,0,0,0,0,0,0,0,0,0,
(WL2 x WV) x (CC x WL2),1,1,1,4,2296,3,0,0,0,0,0,0,0,0,0,0,0,0,0,0,0,0,0,
(WL2 x WV) x (CC x WL2),1,1,2,4,2297,3,2,0,0,0,0,0,0,1,1,0,0,0,0,0,0,0,0,
(WL2 x WV) x (CC x WL2),1,1,3,4,2298,3,3,0,0,0,0,0,0,3,0,0,0,0,0,0,0,0,0,
(WL2 x WV) x (CC x WL2),1,1,4,4,2299,3,3,1,0,0,0,1,0,0,0,1,0,0,0,0,0,0,0,
(WL2 x WV) x (CC x WL2),1,1,5,4,2300,3,3,0,0,0,0,1,0,0,1,0,0,0,0,0,0,1,0,
(WL2 x WV) x (CC x WL2),1,1,6,4,2301,3,2,0,0,0,0,1,0,0,0,0,0,1,0,0,0,0,0,
(WL2 x WV) x (CC x WL2),1,1,7,4,2302,3,2,0,0,0,0,0,0,0,1,0,0,0,0,0,1,0,0,
(WL2 x WV) x (CC x WL2),1,1,8,4,2303,3,2,1,0,0,0,0,0,0,0,0,0,0,0,0,1,0,0,
(WL2 x WV) x (CC x WL2),1,1,9,4,2304,3,0,0,0,0,0,0,0,0,0,0,0,0,0,0,0,0,0,
(WL2 x WW) x (CC x WL2),1,1,10,4,2305,2,0,0,0,0,0,0,0,0,0,0,0,0,0,0,0,0,0,
(WV x TM2) x (WL2 x TM2),3,1,1,4,2340,3,3,2,0,1,0,0,0,0,0,0,0,0,0,0,0,0,0,
(WV x TM2) x (WL2 x TM2),3,1,2,4,2341,3,3,1,0,0,0,0,2,0,0,0,0,0,0,0,0,0,0,
(WV x TM2) x (WL2 x TM2),3,1,3,4,2342,2,0,0,0,0,0,0,0,0,0,0,0,0,0,0,0,0,0,
(WV x WL2) x (WL2 x BH),2,2,1,4,2343,3,2,0,0,0,0,0,0,1,0,1,0,0,0,0,0,0,0,
(WV x WL2) x (WL2 x BH),2,2,2,4,2344,3,0,0,0,0,0,0,0,0,0,0,0,0,0,0,0,0,0,
(WV x WL2) x (WL2 x BH),2,2,3,4,2345,3,4,0,0,1,0,0,1,2,0,0,0,0,0,0,0,0,0,
(WV x WL2) x (WL2 x BH),2,2,4,4,2346,3,1,1,0,0,0,0,0,0,0,0,0,0,0,0,0,0,0,
(WV x WL2) x (WL2 x BH),2,2,5,4,2347,3,3,0,0,1,0,0,1,0,0,1,0,0,0,0,0,0,0,5/5 removed non-STTO seedling
(WV x WL2) x (WL2 x BH),2,2,6,4,2348,3,2,0,0,0,1,0,0,0,0,1,0,0,0,0,0,0,0,5/2 removed non-STTO seedling
(WV x WL2) x (WL2 x BH),2,2,7,4,2349,3,2,0,0,0,1,0,1,0,0,0,0,0,0,0,0,0,0,
(WV x WL2) x (WL2 x BH),2,2,8,4,2350,3,3,1,0,0,0,0,2,0,0,0,0,0,0,0,0,0,0,5/2 only see 2 seedlings removed 1 pick 5/8 MMA keeping Num_germ count 3 for now
(WV x WL2) x (WL2 x BH),2,2,9,4,2351,3,2,0,0,0,0,0,0,1,0,0,0,0,0,0,1,0,0,5/2 removed 1 non-STTO seedlign counted on 5/1 and updated the count
(WV x WL2) x (WL2 x BH),2,2,10,4,2352,3,2,0,1,0,0,0,1,0,0,0,0,0,0,0,0,0,0,
(CC x WL2) x (WL2),2,13-B,1,5,2061,4,2,1,0,0,0,0,0,1,0,0,0,0,0,0,0,0,0,
(CC x WL2) x (WL2),4,13-B,2,5,2062,3,0,0,0,0,0,0,0,0,0,0,0,0,0,0,0,0,0,
(CC x WL2) x (WL2),4,13-B,3,5,2063,3,1,0,0,0,0,0,0,0,1,0,0,0,0,0,0,0,0,
(CC x WL2) x (WL2),4,13-B,4,5,2064,3,0,0,0,0,0,0,0,0,0,0,0,0,0,0,0,0,0,
(CC x WL2) x (WL2),4,13-B,5,5,2065,3,1,0,0,0,0,0,0,0,0,0,0,0,0,0,0,0,1,
(CC x WL2) x (WL2),2,13-B,6,5,2066,3,0,0,0,0,0,0,0,0,0,0,0,0,0,0,0,0,0,
(CC x WL2) x (WL2),4,13-B,7,5,2067,3,2,0,0,0,0,1,0,0,1,0,0,0,0,0,0,0,0,
(CC x WL2) x (WL2),4,13-B,8,5,2068,3,0,0,0,0,0,0,0,0,0,0,0,0,0,0,0,0,0,
(CC x WL2) x (WL2),4,13-B,9,5,2069,3,2,0,0,0,0,0,1,0,0,0,0,1,0,0,0,0,0,
(CC x WL2) x (WL2),4,13-B,10,5,2070,3,1,0,0,0,0,0,0,1,0,0,0,0,0,0,0,0,0,
(CC x WL2) x (WL2),4,13-B,11,5,2071,3,0,0,0,0,0,0,0,0,0,0,0,0,0,0,0,0,0,
(CC x WL2) x (WL2),4,13-B,12,5,2072,3,0,0,0,0,0,0,0,0,0,0,0,0,0,0,0,0,0,
(CC x WL2) x (WL2),4,13-B,13,5,2073,3,0,0,0,0,0,0,0,0,0,0,0,0,0,0,0,0,0,
(CC x WL2) x (WL2),4,13-B,14,5,2074,3,2,0,0,0,0,0,0,0,1,0,0,0,0,0,0,1,0,
(CC x WL2) x (WL2),4,2A,15,5,2075,3,2,0,0,1,0,0,0,0,0,0,0,0,0,1,0,0,0,
(CC x WL2) x (WL2),4,2A,16,5,2076,2,0,0,0,0,0,0,0,0,0,0,0,0,0,0,0,0,0,
(LV1 x WL2) x (WL2),6,16-A,1,5,2087,3,1,0,1,0,0,0,0,0,0,0,0,0,0,0,0,0,0,
(LV1 x WL2) x (WL2),6,16-A,2,5,2088,3,2,1,0,0,1,0,0,0,0,0,0,0,0,0,0,0,0,
(LV1 x WL2) x (WL2),6,16-A,3,5,2089,3,3,0,0,0,0,0,1,0,2,0,0,0,0,0,0,0,0,
(LV1 x WL2) x (WL2),6,16-A,4,5,2090,3,2,0,0,0,0,0,1,0,0,0,0,1,0,0,0,0,0,
(SQ3 x WL2) x (WL2),3,13-B,1,5,2092,4,1,0,0,0,0,0,0,0,0,0,0,1,0,0,0,0,0,
(SQ3 x WL2) x (WL2),3,13-B,2,5,2093,3,1,0,0,1,0,0,0,0,0,0,0,0,0,0,0,0,0,
(SQ3 x WL2) x (WL2),3,13-B,3,5,2094,3,2,0,0,0,0,0,1,0,0,1,0,0,0,0,0,0,0,
(SQ3 x WL2) x (WL2),3,13-B,4,5,2095,3,1,0,0,0,0,0,0,1,0,0,0,0,0,0,0,0,0,
(SQ3 x WL2) x (WL2),3,13-B,5,5,2096,3,1,0,1,0,0,0,0,0,0,0,0,0,0,0,0,0,0,
(SQ3 x WL2) x (WL2),3,13-B,6,5,2097,3,3,0,0,0,0,0,1,0,0,2,0,0,0,0,0,0,0,
(SQ3 x WL2) x (WL2),3,13-B,7,5,2098,3,0,0,0,0,0,0,0,0,0,0,0,0,0,0,0,0,0,
(WL2 x TM2) x (CC x TM2),2-3,2-3,1,5,2231,4,0,0,0,0,0,0,0,0,0,0,0,0,0,0,0,0,0,
(WL2 x TM2) x (CC x TM2),2-3,2-3,2,5,2232,3,1,0,0,0,1,0,0,0,0,0,0,0,0,0,0,0,0,
(WL2 x TM2) x (CC x TM2),2-3,2-3,3,5,2233,3,2,0,0,0,0,0,2,0,0,0,0,0,0,0,0,0,0,
(WL2 x TM2) x (CC x TM2),2-3,2-3,4,5,2234,3,0,0,0,0,0,0,0,0,0,0,0,0,0,0,0,0,0,
(WL2 x TM2) x (CC x TM2),2-3,2-3,5,5,2235,3,2,1,0,0,0,1,0,0,0,0,0,0,0,0,0,0,0,
(WL2 x TM2) x (CC x TM2),2-3,2-3,6,5,2236,3,3,1,0,0,1,0,0,0,1,0,0,0,0,0,0,0,0,
(WL2 x TM2) x (CC x TM2),2-3,2-3,7,5,2237,3,0,0,0,0,0,0,0,0,0,0,0,0,0,0,0,0,0,
(WL2 x TM2) x (CC x TM2),2-3,2-3,8,5,2238,3,3,2,0,0,1,0,0,0,0,0,0,0,0,0,0,0,0,
(WL2 x TM2) x (WL2 x BH),1,2,1,5,2290,4,2,0,0,0,0,0,0,0,1,0,0,0,0,0,1,0,0,5/2 removed 1 non-STTO seedling
(WL2 x TM2) x (WL2 x BH),1,2,2,5,2291,3,3,2,0,0,1,0,0,0,0,0,0,0,0,0,0,0,0,
(WL2 x TM2) x (WL2 x BH),1,2,3,5,2292,3,1,0,0,0,0,0,1,0,0,0,0,0,0,0,0,0,0,
(WL2 x TM2) x (WL2 x BH),1,2,4,5,2293,3,1,0,0,0,0,0,1,0,0,0,0,0,0,0,0,0,0,
(WL2) x (WL2 x BH),3-14,1,1,5,2309,3,0,0,0,0,0,0,0,0,0,0,0,0,0,0,0,0,0,
(WL2) x (WL2 x BH),3-14,1,2,5,2310,3,1,0,0,0,0,0,0,0,1,0,0,0,0,0,0,0,0,
(WL2) x (WL2 x BH),3-14,1,3,5,2311,3,3,0,0,0,0,0,2,0,1,0,0,0,0,0,0,0,0,
(WL2) x (WL2 x BH),3-14,1,4,5,2312,3,2,0,0,1,0,0,1,0,0,0,0,0,0,0,0,0,0,
(WL2) x (WL2 x BH),3-14,1,5,5,2313,3,1,0,0,0,0,0,0,0,1,0,0,0,0,0,0,0,0,
(WL2) x (WL2 x BH),3-14,1,6,5,2314,3,1,0,0,0,0,0,0,0,0,0,0,0,0,0,1,0,0,
(WL2) x (WL2 x BH),3-14,1,7,5,2315,3,1,0,0,0,0,0,0,0,1,0,0,0,0,0,0,0,0,
(WL2) x (WL2 x TM2),3-14,2,1,5,2316,4,0,0,0,0,0,0,0,0,0,0,0,0,0,0,0,0,0,
(WL2) x (WL2 x TM2),3-14,2,2,5,2317,3,0,0,0,0,0,0,0,0,0,0,0,0,0,0,0,0,0,
(WL2) x (WL2 x TM2),3-14,2,3,5,2318,3,0,0,0,0,0,0,0,0,0,0,0,0,0,0,0,0,0,
(WL2) x (WL2 x TM2),3-14,2,4,5,2319,3,0,0,0,0,0,0,0,0,0,0,0,0,0,0,0,0,0,
(WL2) x (WL2 x TM2),3-14,2,5,5,2320,3,2,1,0,0,0,0,0,0,1,0,0,0,0,0,0,0,0,5/2 two germs already marked with toothpicks 5/8 added 1 to 5/2 count since that was the first day 2nd toothpick was noticed
(WL2) x (WL2 x TM2),3-14,2,6,5,2321,3,2,0,0,0,0,0,0,0,1,1,0,0,0,0,0,0,0,
(WL2) x (WL2 x TM2),3-14,2,7,5,2322,3,0,0,0,0,0,0,0,0,0,0,0,0,0,0,0,0,0,
(WL2) x (WL2 x TM2),3-14,2,8,5,2323,3,1,0,0,0,0,0,1,0,0,0,0,0,0,0,0,0,0,5/2 removed non-STTO seedling
(WL2) x (WL2 x TM2),3-14,2,9,5,2324,3,1,0,0,0,0,0,0,0,1,0,0,0,0,0,0,0,0,
(WL2) x (WL2 x TM2),3-14,2,10,5,2325,3,2,0,0,0,0,0,0,0,0,1,0,0,0,0,0,1,0,
(WL2) x (WL2 x TM2),3-14,2,11,5,2326,3,1,0,0,0,0,1,0,0,0,0,0,0,0,0,0,0,0,
(WL2) x (WL2 x TM2),3-14,2,12,5,2327,3,1,0,0,0,0,0,0,0,0,0,0,1,0,0,0,0,0,
(WL2) x (WL2 x TM2),3-14,2,13,5,2328,3,2,0,0,0,0,1,0,0,0,1,0,0,0,0,0,0,0,
(WL2) x (WL2 x TM2),3-14,2,14,5,2329,3,0,0,0,0,0,0,0,0,0,0,0,0,0,0,0,0,0,
(WV x WL2) x (WL2 x CC),3,1,1,5,2353,3,0,0,0,0,0,0,0,0,0,0,0,0,0,0,0,0,0,
(WV x WL2) x (WL2 x CC),3,1,2,5,2354,3,0,0,0,0,0,0,0,0,0,0,0,0,0,0,0,0,0,
(WV x WL2) x (WL2 x CC),3,1,3,5,2355,3,2,2,0,0,0,0,0,0,0,0,0,0,0,0,0,0,0,
(WV x WL2) x (WL2 x CC),3,1,4,5,2356,3,0,0,0,0,0,0,0,0,0,0,0,0,0,0,0,0,0,
(WV x WL2) x (WL2 x CC),3,1,5,5,2357,3,0,0,0,0,0,0,0,0,0,0,0,0,0,0,0,0,0,
(WV x WL2) x (WL2 x CC),3,1,6,5,2358,3,1,0,0,0,1,0,0,0,0,0,0,0,0,0,0,0,0,
(WV x WL2) x (WL2 x CC),3,1,7,5,2359,3,2,0,0,0,0,0,1,0,1,0,0,0,0,0,0,0,0,"5/2 2 germs already marked with toothpicks, 5/8 MMA adding 1 to 5/2 count since that was the 1st day the pick was noticed"
(WV x WL2) x (WL2 x CC),3,1,8,5,2360,3,3,2,0,0,0,0,0,1,0,0,0,0,0,0,0,0,0,
(WV x WL2) x (WL2 x CC),3,1,9,5,2361,3,3,2,0,0,0,0,0,0,1,0,0,0,0,0,0,0,0,
(WV x WL2) x (WL2 x CC),3,1,10,5,2362,3,3,1,0,0,0,0,0,0,1,1,0,0,0,0,0,0,0,
(WV x WL2) x (WL2 x CC),3,1,11,5,2363,3,3,1,0,0,0,0,0,0,1,0,0,0,0,0,1,0,0,
(WV x WL2) x (WL2 x CC),3,1,12,5,2364,3,1,1,0,0,0,0,0,0,0,0,0,0,0,0,0,0,0,5/5 seedling disappeared
(WV x WL2) x (WL2 x CC),3,1,13,5,2365,3,0,0,0,0,0,0,0,0,0,0,0,0,0,0,0,0,0,
(WV x WL2) x (WL2 x CC),3,1,14,5,2366,3,2,1,0,0,0,0,0,0,1,0,0,0,0,0,0,0,0,
(WV x WL2) x (WL2 x CC),3,1,15,5,2367,2,2,1,0,0,0,1,0,0,0,0,0,0,0,0,0,0,0,5/2 removed 1 non-STTO marked before 5/1 
(WV x WL2) x (WV),20,7-3,1,5,2368,4,0,0,0,0,0,0,0,0,0,0,0,0,0,0,0,0,0,
(WV x WL2) x (WV),20,7-3,2,5,2369,3,1,0,0,0,0,0,0,0,1,0,0,0,0,0,0,0,0,
(WV x WL2) x (WV),20,7-3,3,5,2370,3,3,0,0,0,1,2,0,0,0,0,0,0,0,0,0,0,0,
(WV x WL2) x (WV),20,7-3,4,5,2371,3,2,0,0,1,0,0,0,0,0,1,0,0,0,0,0,0,0,
(WV x WL2) x (WV),20,7-3,5,5,2372,3,2,0,1,0,1,0,0,0,0,0,0,0,0,0,0,0,0,
(WV x WL2) x (WV),20,7-3,6,5,2373,3,0,0,0,0,0,0,0,0,0,0,0,0,0,0,0,0,0,
(WV x WL2) x (WV),20,7-3,7,5,2374,3,1,0,0,0,0,0,0,1,0,0,0,0,0,0,0,0,0,
(WV) x (WV x WL2),3,22,1,5,2375,3,2,1,0,0,1,0,0,0,0,0,0,0,0,0,0,0,0,
(WV) x (WV x WL2),3,22,2,5,2376,3,2,1,0,0,0,0,0,0,0,0,0,0,1,0,0,0,0,
(WV) x (WV x WL2),3,22,3,5,2377,3,2,0,0,0,0,0,1,0,1,0,0,0,0,0,0,0,0,
(WV) x (WV x WL2),3,22,4,5,2378,3,3,1,0,0,0,0,0,1,0,1,0,0,0,0,0,0,0,5/2 removed 1 non-STTO counted on 5/1 and updated count
(YO11 x WL2) x (WL2),4,13-B,1,5,2380,3,0,0,0,0,0,0,0,0,0,0,0,0,0,0,0,0,0,
(YO11 x WL2) x (WL2),4,13-B,2,5,2381,3,2,0,0,0,0,0,1,0,0,0,0,1,0,0,0,0,0,
(YO11 x WL2) x (WL2),4,13-B,3,5,2382,3,0,0,0,0,0,0,0,0,0,0,0,0,0,0,0,0,0,
(YO11 x WL2) x (WL2),4,13-B,4,5,2383,3,0,0,0,0,0,0,0,0,0,0,0,0,0,0,0,0,0,
(YO11 x WL2) x (WL2),4,13-B,5,5,2384,3,0,0,0,0,0,0,0,0,0,0,0,0,0,0,0,0,0,
(YO11 x WL2) x (WL2),4,13-B,6,5,2385,3,1,0,0,0,0,0,1,0,0,0,0,0,0,0,0,0,0,
(YO11 x WL2) x (WL2),4,13-B,7,5,2386,3,0,0,0,0,0,0,0,0,0,0,0,0,0,0,0,0,0,
(YO11 x WL2) x (WL2),4,13-B,8,5,2387,3,1,0,0,0,0,0,0,0,1,0,0,0,0,0,0,0,0,5/2 removed 1 non-STTO seedling
(YO11 x WL2) x (WL2),4,13-B,9,5,2388,3,0,0,0,0,0,0,0,0,0,0,0,0,0,0,0,0,0,
(YO11 x WL2) x (WL2),4,13-B,10,5,2389,3,0,0,0,0,0,0,0,0,0,0,0,0,0,0,0,0,0,
(YO11 x WL2) x (WL2),4,13-B,11,5,2390,3,0,0,0,0,0,0,0,0,0,0,0,0,0,0,0,0,0,
(YO11 x WL2) x (WL2),4,13-B,12,5,2391,3,2,0,0,0,1,0,1,0,0,0,0,0,0,0,0,0,0,
(DPR x TM2) x (TM2 x WL2),3,2,1,6,2078,3,0,0,0,0,0,0,0,0,0,0,0,0,0,0,0,0,0,
(DPR x TM2) x (TM2 x WL2),3,2,2,6,2079,3,4,0,0,1,0,0,1,0,2,0,0,0,0,0,0,0,0,5/2 4 seedlings
(DPR x TM2) x (TM2 x WL2),3,2,3,6,2080,3,2,0,0,0,0,0,1,0,0,1,0,0,0,0,0,0,0,
(DPR x TM2) x (TM2 x WL2),3,2,4,6,2081,3,3,0,0,1,0,0,0,0,2,0,0,0,0,0,0,0,0,
(DPR x TM2) x (TM2 x WL2),3,2,5,6,2082,3,3,1,0,0,0,0,2,0,0,0,0,0,0,0,0,0,0,5/2 removed non-STTO seedling
(DPR x TM2) x (TM2 x WL2),3,2,6,6,2083,3,2,1,0,0,0,0,0,0,0,1,0,0,0,0,0,0,0,
(DPR x TM2) x (TM2 x WL2),3,2,7,6,2084,3,2,0,0,0,1,1,0,0,0,0,0,0,0,0,0,0,0,
(DPR x TM2) x (TM2 x WL2),3,2,8,6,2085,3,0,0,0,0,0,0,0,0,0,0,0,0,0,0,0,0,0,
(DPR x TM2) x (TM2 x WL2),3,2,9,6,2086,4,0,0,0,0,0,0,0,0,0,0,0,0,0,0,0,0,0,
(SQ3 x WL2) x (WL2),12,16-A,23,6,2114,3,2,0,0,0,1,0,1,0,0,0,0,0,0,0,0,0,0,
(SQ3 x WL2) x (WL2),5,13-B,24,6,2115,3,1,0,0,0,0,0,0,0,1,0,0,0,0,0,0,0,0,
(SQ3 x WL2) x (WL2),5,13-B,25,6,2116,3,0,0,0,0,0,0,0,0,0,0,0,0,0,0,0,0,0,5/2 removed non-STTO seedling
(SQ3 x WL2) x (WL2),5,13-B,26,6,2117,3,1,0,0,0,0,0,1,0,0,0,0,0,0,0,0,0,0,
(SQ3 x WL2) x (WL2),5,13-B,27,6,2118,3,0,0,0,0,0,0,0,0,0,0,0,0,0,0,0,0,0,
(SQ3 x WL2) x (WL2),5,13-B,28,6,2119,3,0,0,0,0,0,0,0,0,0,0,0,0,0,0,0,0,0,
(SQ3 x WL2) x (WL2),5,13-B,29,6,2120,3,0,0,0,0,0,0,0,0,0,0,0,0,0,0,0,0,0,
(SQ3 x WL2) x (WL2),5,13-B,30,6,2121,3,2,0,0,0,0,1,0,0,0,1,0,0,0,0,0,0,0,
(SQ3 x WL2) x (WL2),5,13-B,31,6,2122,3,1,0,0,0,0,0,1,0,0,0,0,0,0,0,0,0,0,
(SQ3 x WL2) x (WL2),5,13-B,32,6,2123,3,0,0,0,0,0,0,0,0,0,0,0,0,0,0,0,0,0,
(SQ3 x WL2) x (WL2),5,13-B,33,6,2124,3,0,0,0,0,0,0,0,0,0,0,0,0,0,0,0,0,0,
(TM2 x WL2) x (TM2),3,1-3,1,6,2129,3,3,0,0,0,0,1,0,0,1,0,0,0,0,1,0,0,0,
(TM2 x WL2) x (TM2),3,1-3,2,6,2130,3,1,0,0,0,0,0,1,0,0,0,0,0,0,0,0,0,0,
(TM2 x WL2) x (TM2),3,1-3,3,6,2131,3,1,0,0,0,0,0,0,1,0,0,0,0,0,0,0,0,0,5/2 removed non-STTO seedling
(TM2 x WL2) x (TM2),3,1-3,4,6,2132,3,1,0,0,0,0,0,0,1,0,0,0,0,0,0,0,0,0,
(TM2 x WL2) x (TM2),3,1-3,5,6,2133,3,0,0,0,0,0,0,0,0,0,0,0,0,0,0,0,0,0,
(TM2 x WL2) x (TM2),3,1-3,6,6,2134,2,2,0,0,0,0,0,1,0,1,0,0,0,0,0,0,0,0,
(TM2 x WL2) x (TM2),3,2-13,7,6,2135,3,0,0,0,0,0,0,0,0,0,0,0,0,0,0,0,0,0,5/2 removed non-STTO seedling
(TM2 x WL2) x (TM2),3,2-13,8,6,2136,3,1,0,0,0,0,0,0,0,0,0,0,1,0,0,0,0,0,
(TM2 x WL2) x (TM2),3,2-13,9,6,2137,3,0,0,0,0,0,0,0,0,0,0,0,0,0,0,0,0,0,5/2 removed non-STTO seedling
(TM2 x WL2) x (TM2),3,2-13,10,6,2138,3,0,0,0,0,0,0,0,0,0,0,0,0,0,0,0,0,0,
(TM2 x WL2) x (TM2),3,2-13,11,6,2139,3,2,1,0,0,0,0,1,0,0,0,0,0,0,0,0,0,0,
(TM2 x WL2) x (TM2),3,2-13,12,6,2140,3,1,0,0,1,0,0,0,0,0,0,0,0,0,0,0,0,0,
(TM2 x WL2) x (TM2),3,2-13,13,6,2141,4,0,0,0,0,0,0,0,0,0,0,0,0,0,0,0,0,0,
(TM2 x WL2) x (TM2),3,2-13,14,6,2142,3,1,0,0,0,0,0,0,0,0,0,1,0,0,0,0,0,0,
(TM2 x WL2) x (TM2),3,2-13,15,6,2143,3,0,0,0,0,0,0,0,0,0,0,0,0,0,0,0,0,0,
(TM2 x WL2) x (TM2),3,2-13,16,6,2144,3,2,0,0,0,0,0,1,0,0,1,0,0,0,0,0,0,0,
(TM2 x WL2) x (TM2),3,2-13,17,6,2145,3,0,0,0,0,0,0,0,0,0,0,0,0,0,0,0,0,0,
(TM2 x WL2) x (TM2),3,2-13,18,6,2146,3,0,0,0,0,0,0,0,0,0,0,0,0,0,0,0,0,0,5/2 removed non-STTO seedling counted on 5/1 and updated count
(TM2 x WL2) x (TM2),3,2-13,19,6,2147,3,0,0,0,0,0,0,0,0,0,0,0,0,0,0,0,0,0,
(TM2 x WL2) x (TM2),3,2-13,20,6,2148,3,0,0,0,0,0,0,0,0,0,0,0,0,0,0,0,0,0,
(TM2 x WL2) x (TM2),3,2-13,21,6,2149,3,0,0,0,0,0,0,0,0,0,0,0,0,0,0,0,0,0,
(TM2 x WL2) x (TM2),3,2-13,22,6,2150,3,1,0,0,0,0,0,0,0,1,0,0,0,0,0,0,0,0,
(TM2 x WL2) x (TM2),3,2-13,23,6,2151,3,0,0,0,0,0,0,0,0,0,0,0,0,0,0,0,0,0,
(TM2 x WL2) x (TM2),3,2-13,24,6,2152,3,0,0,0,0,0,0,0,0,0,0,0,0,0,0,0,0,0,
(TM2 x WL2) x (TM2),3,2-13,25,6,2153,3,1,0,0,0,0,0,1,0,0,0,0,0,0,0,0,0,0,
(TM2 x WL2) x (TM2),3,2-13,26,6,2154,3,1,0,0,0,0,0,0,0,0,1,0,0,0,0,0,0,0,
(TM2 x WL2) x (TM2),3,2-13,27,6,2155,2,2,0,0,0,0,0,0,0,1,0,0,1,0,0,0,0,0,
(TM2 x WL2) x (TM2),3,2-13,28,6,2156,3,0,0,0,0,0,0,0,0,0,0,0,0,0,0,0,0,0,
(TM2 x WL2) x (TM2),3,2-13,29,6,2157,2,1,1,0,0,0,0,0,0,0,0,0,0,0,0,0,0,0,
(TM2 x WL2) x (TM2),3,2-13,30,6,2158,1,0,0,0,0,0,0,0,0,0,0,0,0,0,0,0,0,0,
(TM2 x WL2) x (TM2),3,2-13,31,6,2159,1,0,0,0,0,0,0,0,0,0,0,0,0,0,0,0,0,0,
(TM2 x WL2) x (TM2),3,2-13,32,6,2160,1,0,0,0,0,0,0,0,0,0,0,0,0,0,0,0,0,0,
(TM2 x WL2) x (TM2),3,2-13,33,6,2161,1,0,0,0,0,0,0,0,0,0,0,0,0,0,0,0,0,0,
(TM2 x WL2) x (TM2),3,2-13,34,6,2162,1,0,0,0,0,0,0,0,0,0,0,0,0,0,0,0,0,0,
(TM2 x WL2) x (TM2),3,2-13,35,6,2163,2,0,0,0,0,0,0,0,0,0,0,0,0,0,0,0,0,0,
(WL2 x BH) x (CC x WL2),2,2,1,6,2188,4,1,1,0,0,0,0,0,0,0,0,0,0,0,0,0,0,0,
(WL2 x BH) x (CC x WL2),2,2,2,6,2189,3,1,0,0,0,0,0,1,0,0,0,0,0,0,0,0,0,0,
(WL2 x BH) x (CC x WL2),2,2,3,6,2190,3,2,0,0,0,0,0,1,0,0,1,0,0,0,0,0,0,0,
(WL2 x BH) x (CC x WL2),2,2,4,6,2191,3,0,0,0,0,0,0,0,0,0,0,0,0,0,0,0,0,0,
(WV x TM2) x (TM2 x WL2),2,1,1,6,2332,3,2,0,0,0,0,0,1,0,0,1,0,0,0,0,0,0,0,
(WV x TM2) x (TM2 x WL2),2,1,2,6,2333,3,2,1,0,0,0,0,1,0,0,0,0,0,0,0,0,0,0,
(WV x TM2) x (TM2 x WL2),2,1,3,6,2334,3,3,0,1,0,0,0,0,0,1,0,0,0,0,0,0,0,1,
(WV x TM2) x (TM2 x WL2),2,1,4,6,2335,3,2,1,0,0,0,0,1,0,0,0,0,0,0,0,0,0,0,
(WV x TM2) x (TM2 x WL2),2,1,5,6,2336,3,2,0,0,0,0,0,0,1,1,0,0,0,0,0,0,0,0,
(WV x TM2) x (TM2 x WL2),2,1,6,6,2337,3,2,1,0,0,0,0,0,0,0,0,0,0,1,0,0,0,0,
(WV x TM2) x (TM2 x WL2),2,1,7,6,2338,3,3,2,0,0,0,0,1,0,0,0,0,0,0,0,0,0,0,
(WV x TM2) x (TM2 x WL2),1,1,8,6,2339,1,1,0,0,0,0,1,0,0,0,0,0,0,0,0,0,0,0,5/2 removed non-STTO counted before 5/1
TM2 x WL2,NA,NA,15,6,2392,3,2,1,0,0,0,0,1,0,0,0,0,0,0,0,0,0,0,
(WL2 x TM2) x (TM2),2,1-3,1,7,2239,3,2,2,0,0,0,0,0,0,0,0,0,0,0,0,0,0,0,4/24 tall seedlings 4/26 1 seedling missing cotelydons
(WL2 x TM2) x (TM2),2,1-3,2,7,2240,3,2,0,0,0,0,0,1,0,0,0,0,1,0,0,0,0,0,
(WL2 x TM2) x (TM2),2,1-3,3,7,2241,3,2,0,0,0,1,0,0,0,0,0,1,0,0,0,0,0,0,
(WL2 x TM2) x (TM2),2,1-3,4,7,2242,3,1,0,0,0,0,0,1,0,0,0,0,0,0,0,0,0,0,
(WL2 x TM2) x (TM2),2,1-3,5,7,2243,3,0,0,0,0,0,0,0,0,0,0,0,0,0,0,0,0,0,
(WL2 x TM2) x (TM2),2,1-3,6,7,2244,3,3,2,0,0,0,0,1,0,0,0,0,0,0,0,0,0,0,4/24 tall seedlings
(WL2 x TM2) x (TM2),2,1-3,7,7,2245,3,1,0,0,0,0,0,1,0,0,0,0,0,0,0,0,0,0,
(WL2 x TM2) x (TM2),2,1-3,8,7,2246,3,2,1,0,0,0,0,1,0,0,0,0,0,0,0,0,0,0,4/24 tall seedling
(WL2 x TM2) x (TM2),2,1-3,9,7,2247,3,2,0,0,0,1,0,0,0,1,0,0,0,0,0,0,0,0,
(WL2 x TM2) x (TM2),2,1-3,10,7,2248,3,1,0,0,0,1,0,0,0,0,0,0,0,0,0,0,0,0,
(WL2 x TM2) x (TM2),2,1-3,11,7,2249,3,0,0,0,0,0,0,0,0,0,0,0,0,0,0,0,0,0,
(WL2 x TM2) x (TM2),2,1-3,12,7,2250,3,4,2,0,0,0,1,1,0,0,0,0,0,0,0,0,0,0,4/24 tall seedlings 4/30 4 seedlings
(WL2 x TM2) x (TM2),2,1-3,13,7,2251,3,3,1,0,0,0,0,0,0,1,1,0,0,0,0,0,0,0,
(WL2 x TM2) x (TM2),2,1-3,14,7,2252,3,1,0,0,0,0,0,1,0,0,0,0,0,0,0,0,0,0,
(WL2 x TM2) x (TM2),2,1-3,15,7,2253,3,0,0,0,0,0,0,0,0,0,0,0,0,0,0,0,0,0,
(WL2 x TM2) x (TM2),2,1-3,16,7,2254,3,3,0,0,0,2,1,0,0,0,0,0,0,0,0,0,0,0,
(WL2 x TM2) x (TM2),2,1-3,17,7,2255,3,3,1,0,0,1,0,0,0,0,1,0,0,0,0,0,0,0,4/24 tall seedling
(WL2 x TM2) x (TM2),2,1-3,18,7,2256,3,0,0,0,0,0,0,0,0,0,0,0,0,0,0,0,0,0,
(WL2 x TM2) x (TM2),2,1-3,19,7,2257,3,2,1,0,0,0,0,0,0,1,0,0,0,0,0,0,0,0,4/24 tall seedling
(WL2 x TM2) x (TM2),2,1-3,20,7,2258,3,2,1,0,0,0,1,0,0,0,0,0,0,0,0,0,0,0,4/24 tall seedling
(WL2 x TM2) x (TM2),2,1-3,21,7,2259,3,2,2,0,0,0,0,0,0,0,0,0,0,0,0,0,0,0,4/26 1 seedling kinked/broken
(WL2 x TM2) x (TM2),2,1-3,22,7,2260,3,3,0,0,0,1,0,2,0,0,0,0,0,0,0,0,0,0,
(WL2 x TM2) x (TM2),2,1-3,23,7,2261,3,2,0,0,1,1,0,0,0,0,0,0,0,0,0,0,0,0,
(WL2 x TM2) x (TM2),2,1-3,24,7,2262,3,1,1,0,0,0,0,0,0,0,0,0,0,0,0,0,0,0,4/24 tall seedling 5/2 removed non-STTO seedling
(WL2 x TM2) x (TM2),2,1-3,25,7,2263,3,3,1,0,0,2,0,0,0,0,0,0,0,0,0,0,0,0,5/2 removed non-STTO seedling
(WL2 x TM2) x (TM2),2,1-3,26,7,2264,3,1,0,0,0,0,1,0,0,0,0,0,0,0,0,0,0,0,
(WL2 x TM2) x (TM2),2,1-3,27,7,2265,3,3,2,0,0,0,0,1,0,0,0,0,0,0,0,0,0,0,4/24 tall seedlings
(WL2 x TM2) x (TM2),2,1-3,28,7,2266,3,3,1,0,0,2,0,0,0,0,0,0,0,0,0,0,0,0,
(WL2 x TM2) x (TM2),2,1-3,29,7,2267,3,2,2,0,0,0,0,0,0,0,0,0,0,0,0,0,0,0,4/24 tall seedlings
(WL2 x TM2) x (TM2),2,1-3,30,7,2268,3,3,0,0,0,2,0,1,0,0,0,0,0,0,0,0,0,0,
(WL2 x TM2) x (TM2),2,1-3,31,7,2269,3,3,0,1,0,0,0,1,0,1,0,0,0,0,0,0,0,0,
(WL2 x TM2) x (TM2),2,1-3,32,7,2270,3,2,0,2,0,0,0,0,0,0,0,0,0,0,0,0,0,0,4/25 tall seedling
(WL2 x TM2) x (TM2),2,1-3,33,7,2271,3,3,0,0,0,2,0,0,0,1,0,0,0,0,0,0,0,0,
(WL2 x TM2) x (TM2),2,1-3,34,7,2272,3,2,1,0,0,1,0,0,0,0,0,0,0,0,0,0,0,0,4/24 tall seedling
(WL2 x TM2) x (TM2),2,1-3,35,7,2273,3,3,2,1,0,0,0,0,0,0,0,0,0,0,0,0,0,0,4/24 tall seedlings
(WL2 x TM2) x (TM2),2,1-3,36,7,2274,3,1,0,0,0,1,0,0,0,0,0,0,0,0,0,0,0,0,
(WL2 x TM2) x (TM2),2,1-3,37,7,2275,3,3,1,0,0,2,0,0,0,0,0,0,0,0,0,0,0,0,
(WL2 x TM2) x (TM2),2,1-3,38,7,2276,3,0,0,0,0,0,0,0,0,0,0,0,0,0,0,0,0,0,
(WL2 x TM2) x (TM2),2,1-3,39,7,2277,3,2,0,0,0,0,0,0,0,2,0,0,0,0,0,0,0,0,
(WL2 x TM2) x (TM2),2,1-3,40,7,2278,3,1,0,0,0,0,0,1,0,0,0,0,0,0,0,0,0,0,5/2 removed non-STTO seedling
(WL2 x TM2) x (TM2),2,1-3,41,7,2279,3,0,0,0,0,0,0,0,0,0,0,0,0,0,0,0,0,0,
(WL2 x TM2) x (TM2),2,1-3,42,7,2280,3,1,0,1,0,0,0,0,0,0,0,0,0,0,0,0,0,0,
(WL2 x TM2) x (TM2),2,1-3,43,7,2281,3,2,0,0,0,1,1,0,0,0,0,0,0,0,0,0,0,0,
(WL2 x TM2) x (TM2),2,1-3,44,7,2282,3,3,1,0,0,1,0,0,0,1,0,0,0,0,0,0,0,0,
(WL2 x TM2) x (TM2),2,1-3,45,7,2283,3,2,1,0,0,1,0,0,0,0,0,0,0,0,0,0,0,0,
(WL2 x TM2) x (TM2),2,1-3,46,7,2284,3,2,0,0,0,1,0,1,0,0,0,0,0,0,0,0,0,0,
(WL2 x TM2) x (TM2),2,1-3,47,7,2285,3,2,2,0,0,0,0,0,0,0,0,0,0,0,0,0,0,0,4/24 tall seedlings
(WL2 x TM2) x (TM2),2,1-3,48,7,2286,3,1,0,0,0,0,0,1,0,0,0,0,0,0,0,0,0,0,
(WL2 x TM2) x (TM2),2,1-3,49,7,2287,3,1,0,0,0,0,0,1,0,0,0,0,0,0,0,0,0,0,
(WL2 x TM2) x (TM2),2,1-3,50,7,2288,3,3,3,0,0,0,0,0,0,0,0,0,0,0,0,0,0,0,
(WL2 x TM2) x (TM2),2,1-3,51,7,2289,3,1,0,0,1,0,0,0,0,0,0,0,0,0,0,0,0,0,
BH,3,NA,1,8,1600,3,1,0,0,1,0,0,0,0,0,0,0,0,0,0,0,0,0,
BH,3,NA,2,8,1601,3,2,2,0,0,0,0,0,0,0,0,0,0,0,0,0,0,0,
BH,3,NA,3,8,1602,3,2,1,0,0,0,0,0,0,0,1,0,0,0,0,0,0,0,
BH,3,NA,4,8,1603,3,0,0,0,0,0,0,0,0,0,0,0,0,0,0,0,0,0,5/2 removed non-STTO seedling
BH,3,NA,5,8,1604,3,1,0,0,0,0,0,1,0,0,0,0,0,0,0,0,0,0,5/2 removed non-STTO seedling marked on 5/1 and updated count
BH,3,NA,6,8,1605,3,1,0,0,0,0,0,0,0,1,0,0,0,0,0,0,0,0,
BH,3,NA,7,8,1606,3,0,0,0,0,0,0,0,0,0,0,0,0,0,0,0,0,0,
BH,2,NA,8,8,1607,3,0,0,0,0,0,0,0,0,0,0,0,0,0,0,0,0,0,
BH,2,NA,9,8,1608,3,1,1,0,0,0,0,0,0,0,0,0,0,0,0,0,0,0,
BH,2,NA,10,8,1609,3,0,0,0,0,0,0,0,0,0,0,0,0,0,0,0,0,0,
BH,2,NA,11,8,1610,3,0,0,0,0,0,0,0,0,0,0,0,0,0,0,0,0,0,
BH,2,NA,12,8,1611,3,0,0,0,0,0,0,0,0,0,0,0,0,0,0,0,0,0,
BH,2,NA,13,8,1612,3,0,0,0,0,0,0,0,0,0,0,0,0,0,0,0,0,0,
BH,2,NA,14,8,1613,3,0,0,0,0,0,0,0,0,0,0,0,0,0,0,0,0,0,
BH,1,NA,15,8,1614,3,2,1,0,0,0,1,0,0,0,0,0,0,0,0,0,0,0,
BH,1,NA,16,8,1615,3,1,0,0,0,0,0,0,0,0,1,0,0,0,0,0,0,0,
BH,1,NA,17,8,1616,3,0,0,0,0,0,0,0,0,0,0,0,0,0,0,0,0,0,
BH,1,NA,18,8,1617,3,0,0,0,0,0,0,0,0,0,0,0,0,0,0,0,0,0,
BH,1,NA,19,8,1618,3,0,0,0,0,0,0,0,0,0,0,0,0,0,0,0,0,0,
BH,1,NA,20,8,1619,3,0,0,0,0,0,0,0,0,0,0,0,0,0,0,0,0,0,
BH,1,NA,21,8,1620,3,1,0,1,0,0,0,0,0,0,0,0,0,0,0,0,0,0,
CC,1,NA,1,8,1621,3,2,0,1,0,0,0,1,0,0,0,0,0,0,0,0,0,0,
CC,1,NA,2,8,1622,3,0,0,0,0,0,0,0,0,0,0,0,0,0,0,0,0,0,
CC,1,NA,3,8,1623,3,1,0,0,0,0,0,1,0,0,0,0,0,0,0,0,0,0,
CC,1,NA,4,8,1624,3,1,0,0,0,0,1,0,0,0,0,0,0,0,0,0,0,0,
CC,1,NA,5,8,1625,3,0,0,0,0,0,0,0,0,0,0,0,0,0,0,0,0,0,
CC,1,NA,6,8,1626,3,0,0,0,0,0,0,0,0,0,0,0,0,0,0,0,0,0,5/2 removed non-STTO seedling counted before 5/1 
CC,1,NA,7,8,1627,3,0,0,0,0,0,0,0,0,0,0,0,0,0,0,0,0,0,5/2 removed non-STTO seedling marked on 5/1 and updated count
CC,2,NA,8,8,1628,3,0,0,0,0,0,0,0,0,0,0,0,0,0,0,0,0,0,
CC,2,NA,9,8,1629,3,0,0,0,0,0,0,0,0,0,0,0,0,0,0,0,0,0,
CC,2,NA,10,8,1630,3,0,0,0,0,0,0,0,0,0,0,0,0,0,0,0,0,0,5/2 removed non-STTO marked before 5/1 
CC,2,NA,11,8,1631,3,0,0,0,0,0,0,0,0,0,0,0,0,0,0,0,0,0,
CC,2,NA,12,8,1632,3,0,0,0,0,0,0,0,0,0,0,0,0,0,0,0,0,0,
CC,2,NA,13,8,1633,3,0,0,0,0,0,0,0,0,0,0,0,0,0,0,0,0,0,
CC,2,NA,14,8,1634,3,0,0,0,0,0,0,0,0,0,0,0,0,0,0,0,0,0,
CC,3,NA,15,8,1635,3,0,0,0,0,0,0,0,0,0,0,0,0,0,0,0,0,0,
CC,3,NA,16,8,1636,3,0,0,0,0,0,0,0,0,0,0,0,0,0,0,0,0,0,
CC,3,NA,17,8,1637,3,0,0,0,0,0,0,0,0,0,0,0,0,0,0,0,0,0,
CC,3,NA,18,8,1638,3,0,0,0,0,0,0,0,0,0,0,0,0,0,0,0,0,0,
CC,3,NA,19,8,1639,3,0,0,0,0,0,0,0,0,0,0,0,0,0,0,0,0,0,
CC,3,NA,20,8,1640,3,0,0,0,0,0,0,0,0,0,0,0,0,0,0,0,0,0,
CC,3,NA,21,8,1641,3,0,0,0,0,0,0,0,0,0,0,0,0,0,0,0,0,0,
DPR,11,NA,1,8,1642,3,0,0,0,0,0,0,0,0,0,0,0,0,0,0,0,0,0,
DPR,11,NA,2,8,1643,3,0,0,0,0,0,0,0,0,0,0,0,0,0,0,0,0,0,
DPR,11,NA,3,8,1644,3,2,0,0,1,0,0,0,0,0,0,1,0,0,0,0,0,0,
DPR,11,NA,4,8,1645,3,0,0,0,0,0,0,0,0,0,0,0,0,0,0,0,0,0,
DPR,11,NA,5,8,1646,3,0,0,0,0,0,0,0,0,0,0,0,0,0,0,0,0,0,
DPR,11,NA,6,8,1647,3,0,0,0,0,0,0,0,0,0,0,0,0,0,0,0,0,0,
DPR,11,NA,7,8,1648,3,1,0,0,0,0,0,0,0,1,0,0,0,0,0,0,0,0,
DPR,18,NA,8,8,1649,3,0,0,0,0,0,0,0,0,0,0,0,0,0,0,0,0,0,
DPR,18,NA,9,8,1650,3,0,0,0,0,0,0,0,0,0,0,0,0,0,0,0,0,0,
DPR,18,NA,10,8,1651,3,0,0,0,0,0,0,0,0,0,0,0,0,0,0,0,0,0,
DPR,18,NA,11,8,1652,3,0,0,0,0,0,0,0,0,0,0,0,0,0,0,0,0,0,
DPR,18,NA,12,8,1653,3,0,0,0,0,0,0,0,0,0,0,0,0,0,0,0,0,0,
DPR,18,NA,13,8,1654,3,0,0,0,0,0,0,0,0,0,0,0,0,0,0,0,0,0,
DPR,18,NA,14,8,1655,3,0,0,0,0,0,0,0,0,0,0,0,0,0,0,0,0,0,
DPR,20,NA,15,8,1656,3,2,0,0,0,0,0,0,1,0,0,0,0,0,1,0,0,0,
DPR,20,NA,16,8,1657,3,2,0,0,0,0,0,0,0,0,2,0,0,0,0,0,0,0,
DPR,20,NA,17,8,1658,3,2,0,0,0,0,0,0,0,1,1,0,0,0,0,0,0,0,
DPR,20,NA,18,8,1659,3,3,0,0,0,0,0,1,0,0,0,0,0,0,1,1,0,0,
DPR,20,NA,19,8,1660,3,0,0,0,0,0,0,0,0,0,0,0,0,0,0,0,0,0,
DPR,20,NA,20,8,1661,3,0,0,0,0,0,0,0,0,0,0,0,0,0,0,0,0,0,
DPR,19,NA,21,8,1662,3,2,0,0,0,0,0,0,0,1,0,1,0,0,0,0,0,0,
WV,18,NA,1,8,1922,3,0,0,0,0,0,0,0,0,0,0,0,0,0,0,0,0,0,
WV,18,NA,2,8,1923,3,0,0,0,0,0,0,0,0,0,0,0,0,0,0,0,0,0,
WV,18,NA,3,8,1924,3,1,0,0,0,0,0,0,0,0,1,0,0,0,0,0,0,0,
WV,18,NA,4,8,1925,3,1,0,0,0,0,0,0,1,0,0,0,0,0,0,0,0,0,
WV,18,NA,5,8,1926,3,0,0,0,0,0,0,0,0,0,0,0,0,0,0,0,0,0,
WV,18,NA,6,8,1927,3,0,0,0,0,0,0,0,0,0,0,0,0,0,0,0,0,0,
WV,18,NA,7,8,1928,3,0,0,0,0,0,0,0,0,0,0,0,0,0,0,0,0,0,
WV,12,NA,8,8,1929,3,0,0,0,0,0,0,0,0,0,0,0,0,0,0,0,0,0,
WV,12,NA,9,8,1930,3,1,0,0,0,0,0,0,0,1,0,0,0,0,0,0,0,0,
WV,12,NA,10,8,1931,3,1,0,0,0,1,0,0,0,0,0,0,0,0,0,0,0,0,
WV,12,NA,11,8,1932,3,2,0,0,0,0,0,0,1,0,1,0,0,0,0,0,0,0,
WV,12,NA,12,8,1933,3,2,1,0,0,0,0,0,0,1,0,0,0,0,0,0,0,0,
WV,12,NA,13,8,1934,3,0,0,0,0,0,0,0,0,0,0,0,0,0,0,0,0,0,
WV,12,NA,14,8,1935,3,0,0,0,0,0,0,0,0,0,0,0,0,0,0,0,0,0,
WV,11,NA,15,8,1936,3,2,0,0,0,0,0,0,0,1,0,0,0,0,0,0,1,0,
WV,11,NA,16,8,1937,3,0,0,0,0,0,0,0,0,0,0,0,0,0,0,0,0,0,
WV,11,NA,17,8,1938,3,0,0,0,0,0,0,0,0,0,0,0,0,0,0,0,0,0,
WV,11,NA,18,8,1939,3,2,0,0,0,0,0,0,0,1,0,0,0,0,0,1,0,0,
WV,11,NA,19,8,1940,3,2,0,0,1,0,0,0,0,0,1,0,0,0,0,0,0,0,
WV,11,NA,20,8,1941,3,0,0,0,0,0,0,0,0,0,0,0,0,0,0,0,0,0,
WV,11,NA,21,8,1942,3,0,0,0,0,0,0,0,0,0,0,0,0,0,0,0,0,0,
TM2,1,NA,1,9,1705,3,0,0,0,0,0,0,0,0,0,0,0,0,0,0,0,0,0,
TM2,1,NA,2,9,1706,3,0,0,0,0,0,0,0,0,0,0,0,0,0,0,0,0,0,
TM2,1,NA,3,9,1707,3,1,0,0,0,0,0,0,1,0,0,0,0,0,0,0,0,0,
TM2,1,NA,4,9,1708,3,0,0,0,0,0,0,0,0,0,0,0,0,0,0,0,0,0,
TM2,1,NA,5,9,1709,3,0,0,0,0,0,0,0,0,0,0,0,0,0,0,0,0,0,
TM2,1,NA,6,9,1710,3,0,0,0,0,0,0,0,0,0,0,0,0,0,0,0,0,0,
TM2,1,NA,7,9,1711,3,1,0,0,0,0,1,0,0,0,0,0,0,0,0,0,0,0,
TM2,1,NA,8,9,1712,3,0,0,0,0,0,0,0,0,0,0,0,0,0,0,0,0,0,
TM2,1,NA,9,9,1713,3,1,1,0,0,0,0,0,0,0,0,0,0,0,0,0,0,0,
TM2,1,NA,10,9,1714,3,0,0,0,0,0,0,0,0,0,0,0,0,0,0,0,0,0,
TM2,2,NA,11,9,1715,3,2,2,0,0,0,0,0,0,0,0,0,0,0,0,0,0,0,
TM2,2,NA,12,9,1716,3,0,0,0,0,0,0,0,0,0,0,0,0,0,0,0,0,0,
TM2,2,NA,13,9,1717,3,0,0,0,0,0,0,0,0,0,0,0,0,0,0,0,0,0,
TM2,2,NA,14,9,1718,3,0,0,0,0,0,0,0,0,0,0,0,0,0,0,0,0,0,
TM2,2,NA,15,9,1719,3,0,0,0,0,0,0,0,0,0,0,0,0,0,0,0,0,0,
TM2,2,NA,16,9,1720,3,0,0,0,0,0,0,0,0,0,0,0,0,0,0,0,0,0,
TM2,2,NA,17,9,1721,3,0,0,0,0,0,0,0,0,0,0,0,0,0,0,0,0,0,
TM2,2,NA,18,9,1722,3,0,0,0,0,0,0,0,0,0,0,0,0,0,0,0,0,0,
TM2,2,NA,19,9,1723,3,0,0,0,0,0,0,0,0,0,0,0,0,0,0,0,0,0,
TM2,3,NA,20,9,1724,3,1,0,0,0,1,0,0,0,0,0,0,0,0,0,0,0,0,
TM2,3,NA,21,9,1725,3,1,0,0,1,0,0,0,0,0,0,0,0,0,0,0,0,0,
TM2,3,NA,22,9,1726,3,0,0,0,0,0,0,0,0,0,0,0,0,0,0,0,0,0,
TM2,3,NA,23,9,1727,3,0,0,0,0,0,0,0,0,0,0,0,0,0,0,0,0,0,
TM2,4,NA,24,9,1728,3,0,0,0,0,0,0,0,0,0,0,0,0,0,0,0,0,0,
TM2,4,NA,25,9,1729,3,1,0,0,0,0,0,1,0,0,0,0,0,0,0,0,0,0,
TM2,4,NA,26,9,1730,3,0,0,0,0,0,0,0,0,0,0,0,0,0,0,0,0,0,
TM2,4,NA,27,9,1731,3,0,0,0,0,0,0,0,0,0,0,0,0,0,0,0,0,0,
TM2,4,NA,28,9,1732,3,2,1,1,0,0,0,0,0,0,0,0,0,0,0,0,0,0,
TM2,4,NA,29,9,1733,3,0,0,0,0,0,0,0,0,0,0,0,0,0,0,0,0,0,
TM2,4,NA,30,9,1734,3,0,0,0,0,0,0,0,0,0,0,0,0,0,0,0,0,0,
TM2,4,NA,31,9,1735,3,0,0,0,0,0,0,0,0,0,0,0,0,0,0,0,0,0,
TM2,4,NA,32,9,1736,3,0,0,0,0,0,0,0,0,0,0,0,0,0,0,0,0,0,
TM2,4,NA,33,9,1737,3,0,0,0,0,0,0,0,0,0,0,0,0,0,0,0,0,0,
TM2,4,NA,34,9,1738,3,1,0,0,0,0,1,0,0,0,0,0,0,0,0,0,0,0,
TM2,5,NA,35,9,1739,3,0,0,0,0,0,0,0,0,0,0,0,0,0,0,0,0,0,
TM2,5,NA,36,9,1740,3,0,0,0,0,0,0,0,0,0,0,0,0,0,0,0,0,0,
TM2,5,NA,37,9,1741,3,0,0,0,0,0,0,0,0,0,0,0,0,0,0,0,0,0,
TM2,5,NA,38,9,1742,3,0,0,0,0,0,0,0,0,0,0,0,0,0,0,0,0,0,
TM2,5,NA,39,9,1743,3,0,0,0,0,0,0,0,0,0,0,0,0,0,0,0,0,0,
TM2,5,NA,40,9,1744,3,0,0,0,0,0,0,0,0,0,0,0,0,0,0,0,0,0,
TM2,5,NA,41,9,1745,3,1,0,0,0,0,0,0,0,1,0,0,0,0,0,0,0,0,
TM2,6,NA,42,9,1746,3,0,0,0,0,0,0,0,0,0,0,0,0,0,0,0,0,0,5/2 removed non-STTO seedling
TM2,6,NA,43,9,1747,3,2,0,0,0,0,0,0,1,1,0,0,0,0,0,0,0,0,
TM2,6,NA,44,9,1748,3,0,0,0,0,0,0,0,0,0,0,0,0,0,0,0,0,0,5/2 removed non-STTO seedling
TM2,6,NA,45,9,1749,3,0,0,0,0,0,0,0,0,0,0,0,0,0,0,0,0,0,
TM2,6,NA,46,9,1750,3,0,0,0,0,0,0,0,0,0,0,0,0,0,0,0,0,0,
TM2,6,NA,47,9,1751,3,2,0,0,0,1,0,1,0,0,0,0,0,0,0,0,0,0,
TM2,6,NA,48,9,1752,3,0,0,0,0,0,0,0,0,0,0,0,0,0,0,0,0,0,
TM2,6,NA,49,9,1753,3,1,0,0,0,0,0,1,0,0,0,0,0,0,0,0,0,0,
TM2,7,NA,50,9,1754,3,0,0,0,0,0,0,0,0,0,0,0,0,0,0,0,0,0,
TM2,7,NA,51,9,1755,3,0,0,0,0,0,0,0,0,0,0,0,0,0,0,0,0,0,
TM2,7,NA,52,9,1756,3,0,0,0,0,0,0,0,0,0,0,0,0,0,0,0,0,0,
TM2,7,NA,53,9,1757,3,0,0,0,0,0,0,0,0,0,0,0,0,0,0,0,0,0,
TM2,7,NA,54,9,1758,3,0,0,0,0,0,0,0,0,0,0,0,0,0,0,0,0,0,
TM2,7,NA,55,9,1759,3,0,0,0,0,0,0,0,0,0,0,0,0,0,0,0,0,0,
TM2,7,NA,56,9,1760,3,2,1,0,0,0,0,0,1,0,0,0,0,0,0,0,0,0,
TM2,8,NA,57,9,1761,3,0,0,0,0,0,0,0,0,0,0,0,0,0,0,0,0,0,
TM2,8,NA,58,9,1762,3,0,0,0,0,0,0,0,0,0,0,0,0,0,0,0,0,0,
TM2,8,NA,59,9,1763,3,1,0,0,0,0,0,1,0,0,0,0,0,0,0,0,0,0,
TM2,8,NA,60,9,1764,3,0,0,0,0,0,0,0,0,0,0,0,0,0,0,0,0,0,
TM2,8,NA,61,9,1765,3,2,0,0,0,0,1,0,1,0,0,0,0,0,0,0,0,0,
TM2,8,NA,62,9,1766,3,1,0,0,0,1,0,0,0,0,0,0,0,0,0,0,0,0,
TM2,8,NA,63,9,1767,3,2,0,0,0,1,0,1,0,0,0,0,0,0,0,0,0,0,
TM2,9,NA,64,9,1768,3,2,2,0,0,0,0,0,0,0,0,0,0,0,0,0,0,0,
TM2,9,NA,65,9,1769,3,0,0,0,0,0,0,0,0,0,0,0,0,0,0,0,0,0,
TM2,9,NA,66,9,1770,3,0,0,0,0,0,0,0,0,0,0,0,0,0,0,0,0,0,
TM2,9,NA,67,9,1771,3,2,1,0,0,0,0,1,0,0,0,0,0,0,0,0,0,0,
TM2,9,NA,68,9,1772,3,0,0,0,0,0,0,0,0,0,0,0,0,0,0,0,0,0,
TM2,9,NA,69,9,1773,3,1,1,0,0,0,0,0,0,0,0,0,0,0,0,0,0,0,
TM2,9,NA,70,9,1774,3,2,1,0,0,0,0,0,0,1,0,0,0,0,0,0,0,0,
TM2,11,NA,71,9,1775,3,0,0,0,0,0,0,0,0,0,0,0,0,0,0,0,0,0,
TM2,11,NA,72,9,1776,3,2,1,1,0,0,0,0,0,0,0,0,0,0,0,0,0,0,
TM2,11,NA,73,9,1777,3,0,0,0,0,0,0,0,0,0,0,0,0,0,0,0,0,0,
TM2,11,NA,74,9,1778,3,0,0,0,0,0,0,0,0,0,0,0,0,0,0,0,0,0,
TM2,11,NA,75,9,1779,3,0,0,0,0,0,0,0,0,0,0,0,0,0,0,0,0,0,
TM2,11,NA,76,9,1780,3,2,0,0,0,0,1,0,0,1,0,0,0,0,0,0,0,0,
TM2,11,NA,77,9,1781,3,1,0,0,0,0,0,1,0,0,0,0,0,0,0,0,0,0,
TM2,12,NA,78,9,1782,3,0,0,0,0,0,0,0,0,0,0,0,0,0,0,0,0,0,
TM2,12,NA,79,9,1783,3,1,0,1,0,0,0,0,0,0,0,0,0,0,0,0,0,0,
TM2,12,NA,80,9,1784,3,0,0,0,0,0,0,0,0,0,0,0,0,0,0,0,0,0,
TM2,12,NA,81,9,1785,3,0,0,0,0,0,0,0,0,0,0,0,0,0,0,0,0,0,
TM2,12,NA,82,9,1786,3,0,0,0,0,0,0,0,0,0,0,0,0,0,0,0,0,0,
TM2,12,NA,83,9,1787,3,2,2,0,0,0,0,0,0,0,0,0,0,0,0,0,0,0,
TM2,12,NA,84,9,1788,3,0,0,0,0,0,0,0,0,0,0,0,0,0,0,0,0,0,
TM2,,NA,85,9,1789,3,2,1,0,0,1,0,0,0,0,0,0,0,0,0,0,0,0,
TM2,,NA,86,9,1790,3,0,0,0,0,0,0,0,0,0,0,0,0,0,0,0,0,0,
TM2,,NA,87,9,1791,3,2,1,0,1,0,0,0,0,0,0,0,0,0,0,0,0,0,
TM2,,NA,88,9,1792,3,0,0,0,0,0,0,0,0,0,0,0,0,0,0,0,0,0,
TM2,,NA,89,9,1793,3,0,0,0,0,0,0,0,0,0,0,0,0,0,0,0,0,0,
TM2,,NA,90,9,1794,3,1,1,0,0,0,0,0,0,0,0,0,0,0,0,0,0,0,
TM2,,NA,91,9,1795,3,0,0,0,0,0,0,0,0,0,0,0,0,0,0,0,0,0,
TM2,,NA,92,9,1796,3,2,2,0,0,0,0,0,0,0,0,0,0,0,0,0,0,0,
TM2,,NA,93,9,1797,3,1,0,0,0,0,0,1,0,0,0,0,0,0,0,0,0,0,
TM2,,NA,94,9,1798,3,1,0,0,0,0,0,1,0,0,0,0,0,0,0,0,0,0,
TM2,,NA,95,9,1799,3,0,0,0,0,0,0,0,0,0,0,0,0,0,0,0,0,0,
TM2,,NA,96,9,1800,3,1,0,0,0,0,0,1,0,0,0,0,0,0,0,0,0,0,
TM2,,NA,97,9,1801,3,0,0,0,0,0,0,0,0,0,0,0,0,0,0,0,0,0,
TM2,,NA,98,9,1802,3,0,0,0,0,0,0,0,0,0,0,0,0,0,0,0,0,0,